년원일,호기,총량,평균,최대,최소,최대(시간별),최소(시간별),00,01,02,03,04,05,06,07,08,09,10,11,12,13,14,15,16,17,18,19,20,21,22,23
2016.01.01,1,23.546999999999997,0.981,2.57,0.0,2.57,0.044000000000000004,1.137,0.8740000000000001,1.57,2.153,2.57,2.24,1.794,1.531,1.3630000000000002,1.51,1.409,1.3119999999999998,0.907,0.5429999999999999,0.0,0.044000000000000004,0.37799999999999995,0.341,0.078,0.465,0.43700000000000006,0.747,0.6829999999999999,0.48
2016.01.02,1,2.541,0.106,1.307,0.0,1.307,0.004,0.11800000000000001,1.307,0.364,0.035,0.0,0.01,0.311,0.004,0.034,0.0,0.0,0.0,0.0,0.035,0.365,0.052000000000000005,0.024,0.0,0.0,0.0,0.0,0.0,0.0,0.0
2016.01.03,1,13.895999999999999,0.579,2.9,0.0,2.9,0.024,0.0,0.0,0.0,0.0,0.0,0.293,0.782,0.831,0.915,0.309,0.8220000000000001,0.29100000000000004,0.0,0.107,0.821,0.741,0.168,0.024,0.675,2.9,2.3209999999999997,0.99,0.423,0.0
2016.01.04,1,98.46,4.103,7.071000000000001,1.041,7.071000000000001,1.041,0.483,1.041,1.65,3.281,3.688,4.976,3.9210000000000003,2.908,1.699,3.806,4.331,4.343999999999999,3.45,4.191,5.185,7.071000000000001,6.027,4.923,3.253,5.2170000000000005,5.8260000000000005,5.402,5.292999999999999,4.466
2016.01.05,1,73.093,3.0460000000000003,6.681,1.328,6.681,1.328,2.511,1.959,2.6189999999999998,2.6639999999999997,3.359,3.645,4.204,1.7169999999999999,1.328,1.874,3.205,6.681,5.33,3.22,1.67,2.585,3.6060000000000003,3.373,2.508,3.19,2.627,3.386,2.787,2.478
2016.01.06,1,178.829,7.4510000000000005,11.625,2.75,11.625,2.75,3.0780000000000003,3.412,3.177,2.75,3.917,5.4639999999999995,5.24,6.372999999999999,8.373,8.491,6.196000000000001,4.471,6.5089999999999995,7.624,11.279000000000002,10.092,10.877,10.852,10.275,11.625,11.498,6.234,6.34,6.667999999999999
2016.01.07,1,115.194,4.8,10.043,1.045,10.043,1.045,11.092,9.135,7.846,4.711,6.789,7.132000000000001,5.742000000000001,9.297,10.043,6.474,4.251,5.337000000000001,2.888,5.947,4.678,4.447,5.202999999999999,3.892,2.01,1.368,1.795,2.022,1.7930000000000001,1.045
2016.01.08,1,49.507,2.063,3.883,0.855,3.883,0.855,1.349,0.9209999999999999,1.2429999999999999,1.77,1.493,3.2689999999999997,1.696,1.087,0.855,1.246,2.682,2.784,2.039,2.8169999999999997,3.487,1.652,1.5019999999999998,1.504,1.329,2.952,3.299,3.883,1.357,2.1830000000000003
2016.01.09,1,40.166,1.6740000000000002,3.971,0.0,3.971,0.028999999999999998,2.457,3.7560000000000002,3.115,1.334,0.976,1.068,0.353,0.182,0.028999999999999998,0.0,0.0,0.385,1.291,2.178,3.87,3.657,3.42,2.8280000000000003,3.971,1.4480000000000002,1.5719999999999998,1.68,0.929,1.4569999999999999
2016.01.10,1,30.288,1.262,4.596,0.0,4.596,0.004,0.667,0.048,0.168,0.008,0.033,0.052000000000000005,0.004,0.0,0.018000000000000002,0.184,0.7020000000000001,1.791,1.933,0.6709999999999999,0.856,0.9440000000000001,1.504,1.693,1.973,1.6769999999999998,1.525,2.181,4.596,3.904
2016.01.11,1,174.58700000000002,7.274,11.991,2.806,11.991,2.806,3.823,2.909,2.806,3.952,5.475,6.325,6.061,6.931,6.874,8.753,8.799,6.071000000000001,8.344,9.948,5.778,5.71,7.252000000000001,6.736000000000001,7.654,8.107999999999999,6.943,8.582,11.572000000000001,11.013
2016.01.12,1,171.157,7.132000000000001,11.190999999999999,3.855,11.190999999999999,3.855,11.991,11.190999999999999,8.874,9.972000000000001,8.873,7.881,4.17,6.141,7.435,6.781000000000001,8.051,10.369000000000002,10.513,9.134,7.334,5.085,3.855,5.996,6.559,6.489,6.004,5.141,5.1370000000000005,4.9910000000000005
2016.01.13,1,89.454,3.727,7.115,1.784,7.115,1.784,5.181,3.398,3.819,3.239,3.577,3.609,1.784,2.6189999999999998,3.262,4.163,4.622,3.057,2.193,2.191,4.802,5.414,6.822,7.115,5.334,3.975,2.983,3.409,2.6180000000000003,2.2
2016.01.14,1,51.549,2.148,6.221,0.016,6.221,0.016,3.2489999999999997,2.67,1.953,2.127,2.63,3.273,4.957,2.6630000000000003,0.687,0.628,1.149,1.6469999999999998,5.922999999999999,6.221,4.918,4.282,2.889,1.401,0.5,0.183,0.016,0.04,0.158,0.207
2016.01.15,1,3.207,0.134,1.176,0.0,1.176,0.02,0.42700000000000005,0.13,0.10800000000000001,0.0,0.124,1.176,0.7120000000000001,0.33,0.0,0.0,0.0,0.0,0.0,0.0,0.086,0.303,0.042,0.02,0.079,0.09699999999999999,0.0,0.0,0.0,0.0
2016.01.16,1,8.187999999999999,0.341,1.1159999999999999,0.0,1.1159999999999999,0.003,0.0,0.0,0.46,0.6890000000000001,0.721,0.9990000000000001,1.1159999999999999,0.726,0.156,0.051,0.003,0.0,0.0,0.087,0.179,0.624,0.898,0.534,0.5589999999999999,0.31,0.038,0.0,0.0,0.0
2016.01.17,1,63.423,2.6430000000000002,9.103,0.0,9.103,0.002,0.038,0.41200000000000003,0.695,0.004,0.098,0.076,2.008,3.585,2.577,1.153,0.125,0.013000000000000001,0.0,0.002,0.23,0.635,0.084,1.3730000000000002,3.7439999999999998,6.66,9.103,9.021,7.925,7.359
2016.01.18,1,216.545,9.023,11.593,6.471,11.593,6.471,6.541,7.547999999999999,9.72,11.593,10.942,6.558,8.639,7.682,8.357999999999999,9.412,10.332,9.869,6.869,8.821,10.087,10.302999999999999,9.375,9.523,8.122,8.674,9.994,8.28,6.471,9.619
2016.01.19,1,208.648,8.693999999999999,10.835999999999999,6.779,10.835999999999999,6.779,9.754,7.051,9.741,8.14,7.428,8.782,9.165,8.23,7.787999999999999,7.194,6.779,9.76,9.025,9.321,9.607000000000001,9.892999999999999,10.835999999999999,8.961,9.875,8.943,9.996,8.238999999999999,7.975,7.957999999999999
2016.01.20,1,156.536,6.522,9.235,1.746,9.235,1.746,7.961,7.932,7.684,6.697,6.734,5.87,6.598,9.037,7.03,6.019,7.232,6.907,5.809,7.728,8.677,9.042,8.981,9.235,5.336,2.698,3.585,1.746,4.043,4.027
2016.01.21,1,221.408,9.225,11.69,5.9670000000000005,11.69,5.9670000000000005,7.888999999999999,10.741,10.52,11.030999999999999,11.15,10.0,9.23,8.243,8.596,10.21,9.762,8.855,11.03,11.69,11.536,7.0120000000000005,7.662000000000001,8.568999999999999,10.154,9.846,8.753,6.837999999999999,7.245,5.9670000000000005
2016.01.22,1,202.481,8.437000000000001,10.97,3.8560000000000003,10.97,3.8560000000000003,6.768,7.027,6.841,9.702,9.449,6.715,4.657,3.8560000000000003,6.045,7.837000000000001,8.459,9.42,9.331,10.97,9.314,10.231,10.847000000000001,10.383,9.727,9.917,9.628,8.205,7.95,7.269
2016.01.23,1,233.767,9.74,11.673,6.388,11.673,6.388,8.701,8.641,10.488,9.683,10.627,11.252,11.318,11.673,11.020999999999999,9.97,9.746,6.388,7.957000000000001,10.8,7.31,7.843999999999999,9.685,9.709,10.47,9.658999999999999,10.667,11.039000000000001,11.453,8.91
2016.01.24,1,218.15599999999998,9.09,10.777999999999999,6.119,10.777999999999999,6.119,7.457000000000001,6.697,6.119,6.763,7.405,9.512,10.702,10.222999999999999,8.867,9.969,8.291,9.555,9.203,9.32,9.869,9.557,10.777999999999999,9.786,9.857999999999999,9.45,9.55,9.847999999999999,9.091000000000001,9.08
2016.01.25,1,101.072,4.211,8.746,0.501,8.746,0.501,8.663,8.746,6.682,6.5889999999999995,6.58,6.1339999999999995,5.468,5.183,3.87,4.697,4.735,4.58,4.0280000000000005,3.6289999999999996,5.23,4.284,5.756,4.868,2.49,2.199,1.26,1.893,1.148,0.501
2016.01.26,1,42.81,1.784,4.041,0.10099999999999999,4.041,0.10099999999999999,0.522,0.309,0.574,0.261,0.22,0.184,0.10099999999999999,0.79,2.274,2.358,1.3459999999999999,2.511,3.261,3.472,3.5060000000000002,3.8169999999999997,4.041,2.307,1.3530000000000002,1.794,2.2119999999999997,0.8340000000000001,1.1059999999999999,2.164
2016.01.27,1,13.655999999999999,0.569,2.975,0.0,2.975,0.022000000000000002,2.015,0.67,2.269,2.066,2.78,2.975,1.581,0.055999999999999994,0.31,0.59,0.0,0.0,0.0,0.0,0.0,0.0,0.0,0.0,0.0,0.0,0.022000000000000002,0.0,0.0,0.0
2016.01.28,1,43.215,1.801,6.757999999999999,0.0,6.757999999999999,0.001,0.337,0.57,0.16899999999999998,0.099,0.0,0.0,0.0,0.001,0.006999999999999999,0.145,0.29600000000000004,0.525,0.621,1.234,0.885,1.425,1.077,1.319,2.8360000000000003,3.361,3.787,6.67,6.13,5.3
2016.01.29,1,127.374,5.307,7.3870000000000005,1.925,7.3870000000000005,1.925,6.757999999999999,5.091,5.029,5.398,4.6930000000000005,5.474,4.592,4.699,5.852,6.454,6.944,7.3870000000000005,6.471,4.898,4.745,5.295,6.978,7.162999999999999,6.3629999999999995,6.218,4.468,4.17,3.565,3.502
2016.01.30,1,35.515,1.48,3.71,0.526,3.71,0.526,1.925,1.28,0.726,1.06,1.538,1.3130000000000002,0.748,0.593,1.6130000000000002,0.878,1.035,0.526,0.627,0.563,1.006,1.157,1.22,1.982,2.4290000000000003,0.9179999999999999,1.105,3.71,3.344,2.988
2016.01.31,1,233.278,9.72,11.931,5.966,11.931,5.966,3.156,5.966,7.922999999999999,10.132,10.866,9.592,10.749,9.835,11.017999999999999,10.321,10.434000000000001,11.082,11.786,11.925999999999998,11.177999999999999,7.682,9.421,10.527999999999999,7.678,8.299,10.703,6.773,8.49,8.965
2016.02.01,1,251.415,10.475999999999999,11.852,7.638999999999999,11.852,7.638999999999999,11.931,11.852,10.966,7.9879999999999995,7.638999999999999,8.919,9.808,9.477,9.55,10.023,9.931000000000001,9.299,10.364,10.799000000000001,11.511,10.849,11.46,11.205,11.675999999999998,11.475,11.514000000000001,11.182,10.868,11.263
2016.02.02,1,235.62599999999998,9.818,11.957,5.657,11.957,5.657,11.797,11.882,11.457,10.162,10.765999999999998,11.065999999999999,10.901,11.392999999999999,11.957,11.892999999999999,10.997,8.567,7.007000000000001,6.7989999999999995,9.381,8.466000000000001,5.657,8.622,7.994,10.34,11.759,11.841,10.927999999999999,9.118
2016.02.03,1,121.634,5.0680000000000005,10.399000000000001,0.731,10.399000000000001,0.731,6.672999999999999,5.696000000000001,3.133,3.12,4.421,6.604,8.533,10.399000000000001,6.311,6.803,7.815,6.5920000000000005,5.7170000000000005,5.983,5.528,4.687,4.976,3.1839999999999997,3.985,8.29,4.665,1.716,1.713,0.731
2016.02.04,1,81.063,3.378,6.056,0.782,6.056,0.782,1.032,0.782,1.974,4.607,2.8939999999999997,1.643,1.072,1.173,1.479,1.3459999999999999,3.28,4.0169999999999995,4.015,4.5280000000000005,6.056,4.383,4.189,5.385,4.342,3.373,2.699,4.303,3.895,4.145
2016.02.05,1,150.77100000000002,6.282,10.944,0.9440000000000001,10.944,0.9440000000000001,5.483,10.44,7.875,9.533,8.502,6.388,4.736000000000001,8.406,2.494,4.651,4.772,7.66,7.492999999999999,7.931,9.04,9.579,10.944,10.325,5.999,2.346,2.142,2.778,4.075,0.9440000000000001
2016.02.06,1,167.829,6.992999999999999,11.802999999999999,0.972,11.802999999999999,0.972,1.7180000000000002,1.115,1.071,0.972,1.966,4.042,4.4030000000000005,4.003,2.9960000000000004,2.549,4.253,5.2860000000000005,6.569,7.447,9.274,11.324000000000002,11.147,10.878,11.75,11.612,11.683,11.802999999999999,11.254000000000001,11.138
2016.02.07,1,89.58200000000001,3.733,9.936,0.778,9.936,0.778,9.294,8.392000000000001,7.757999999999999,9.936,7.06,4.658,4.088,3.378,2.64,2.289,3.0039999999999996,2.9410000000000003,2.5660000000000003,1.6030000000000002,2.7089999999999996,3.873,3.595,2.524,2.66,0.778,2.872,2.798,3.952,1.5090000000000001
2016.02.08,1,41.044,1.71,6.277,0.0,6.277,0.06,1.999,3.137,1.357,0.5539999999999999,1.25,0.773,0.431,0.479,0.212,0.06,0.0,0.743,2.204,3.208,3.912,6.277,4.637,4.151,1.819,0.242,0.0,0.221,0.805,2.5860000000000003
2016.02.09,1,53.245,2.219,6.026,0.728,6.026,0.728,1.986,1.2790000000000001,0.728,2.169,3.002,2.217,3.635,1.83,0.846,1.085,1.261,1.6769999999999998,1.579,1.6369999999999998,1.218,1.751,2.423,2.211,1.401,1.896,2.9810000000000003,3.5410000000000004,6.026,4.383
2016.02.10,1,17.233,0.718,2.166,0.0,2.166,0.016,2.469,0.885,0.39299999999999996,1.1640000000000001,0.95,0.851,0.43200000000000005,0.162,0.185,0.016,0.0,0.0,0.019,0.315,0.706,0.902,0.893,1.209,0.912,0.816,0.885,0.9009999999999999,1.006,1.465
2016.02.11,1,164.298,6.846,11.421,1.399,11.421,1.399,2.166,1.804,1.962,1.885,1.518,1.399,1.7080000000000002,3.0210000000000004,5.346,7.244,7.768,8.89,9.841000000000001,8.738,8.197000000000001,8.103,7.914,8.807,10.342,11.421,11.347000000000001,10.025,9.302999999999999,8.635
2016.02.12,1,202.435,8.435,11.831,5.364,11.831,5.364,9.08,8.662,6.87,7.867999999999999,7.906000000000001,6.186,6.9079999999999995,7.263999999999999,6.928,5.364,6.914,7.551,8.872,8.823,8.149,7.516,6.581,7.371,10.898,11.831,10.67,10.093,11.084000000000001,11.064
2016.02.13,1,127.87100000000001,5.327999999999999,11.466,0.987,11.466,0.987,11.062000000000001,10.086,4.995,6.209,6.912000000000001,1.589,0.987,1.1840000000000002,0.997,1.5019999999999998,2.8089999999999997,7.91,8.658,9.691,6.604,4.505,3.908,8.415,5.391,2.885,1.89,2.548,11.466,5.938
2016.02.14,1,233.794,9.741,11.618,7.994,11.618,7.994,10.792,9.591000000000001,10.332,10.003,9.94,9.295,8.091000000000001,7.994,9.089,9.654,8.045,9.334,9.418,10.193999999999999,11.512,11.062000000000001,11.014000000000001,11.618,11.33,8.929,8.749,9.54,9.624,9.89
2016.02.15,1,214.041,8.918,10.943,6.566,10.943,6.566,9.546,9.434,9.22,9.476,9.255,8.537,9.127,9.11,10.592,10.111,9.67,8.151,8.757,9.55,10.943,10.724,9.631,6.801,6.566,8.524,7.398,6.721,7.002000000000001,8.705
2016.02.16,1,145.21200000000002,6.051,9.846,2.582,9.846,2.582,10.036,9.846,8.263,6.267,6.671,6.189,4.806,3.8139999999999996,2.582,5.084,6.0329999999999995,6.715,4.806,4.7589999999999995,4.567,7.718999999999999,7.4879999999999995,8.137,8.308,5.403,4.102,4.386,6.571000000000001,7.09
2016.02.17,1,115.557,4.815,8.753,2.404,8.753,2.404,5.606,5.194,3.792,2.404,3.8480000000000003,8.753,7.256,7.47,4.949,5.229,4.058,3.29,2.827,2.737,3.9739999999999998,5.307,8.361,6.886,6.354,4.022,4.487,5.535,2.815,2.548
2016.02.18,1,43.545,1.814,6.921,0.0,6.921,0.193,3.4610000000000003,2.654,2.532,2.523,1.484,1.075,0.99,0.564,0.26,0.193,0.0,0.303,0.8009999999999999,1.625,5.142,6.921,6.901,3.835,0.37200000000000005,1.639,2.398,0.797,0.0,0.0
2016.02.19,1,18.374000000000002,0.7659999999999999,3.094,0.0,3.094,0.048,0.536,0.113,0.048,0.066,1.052,2.344,0.0,0.914,0.452,1.764,1.72,0.21,0.0,0.0,0.051,0.0,0.171,0.9470000000000001,1.222,3.094,1.492,0.866,0.557,0.7509999999999999
2016.02.20,1,161.748,6.74,11.484000000000002,0.304,11.484000000000002,0.304,0.54,0.304,0.47100000000000003,0.5720000000000001,0.9329999999999999,0.762,3.658,3.102,4.4,4.333,5.247999999999999,8.751,6.209,11.44,11.102,11.145999999999999,11.079,11.484000000000002,10.527999999999999,11.095,8.638,9.31,8.711,10.398
2016.02.21,1,80.313,3.346,7.169,0.545,7.169,0.545,8.074,7.169,5.591,3.0869999999999997,2.9930000000000003,2.496,1.59,1.46,0.545,2.487,3.839,4.463,3.862,4.529,5.042,6.351,6.004,4.203,3.58,1.913,1.9769999999999999,2.127,1.669,1.723
2016.02.22,1,22.976,0.9570000000000001,2.149,0.0,2.149,0.046,1.6130000000000002,1.883,1.795,1.495,1.185,2.149,1.624,1.7719999999999998,1.0590000000000002,0.243,0.0,0.0,0.0,0.0,0.046,0.077,0.444,0.509,0.665,1.151,1.173,1.274,1.215,1.676
2016.02.23,1,178.049,7.419,11.89,1.4269999999999998,11.89,1.4269999999999998,1.541,1.4269999999999998,2.153,2.401,4.4319999999999995,5.377000000000001,6.196000000000001,5.862,5.852,5.004,5.675,4.147,6.792000000000001,9.339,9.644,10.047,10.71,10.672,9.033999999999999,10.440999999999999,11.277999999999999,11.89,10.265999999999998,10.488
2016.02.24,1,231.69,9.654,11.36,6.433,11.36,6.433,8.922,6.433,6.8260000000000005,7.1,7.785,8.388,8.6,9.605,7.766,8.286,10.657,11.052999999999999,11.014000000000001,11.22,11.248,11.36,11.103,11.07,11.232999999999999,10.887,10.319,10.224,10.217,9.573
2016.02.25,1,117.92299999999999,4.913,10.485999999999999,0.047,10.485999999999999,0.047,9.722999999999999,9.448,9.151,10.485999999999999,8.427999999999999,8.45,7.207000000000001,5.332000000000001,5.335,4.34,6.162000000000001,5.51,6.481,7.572,5.6370000000000005,3.895,4.01,3.608,2.85,0.9309999999999999,0.757,0.929,0.047,0.268
2016.02.26,1,67.631,2.818,8.865,0.043,8.865,0.043,1.089,1.7380000000000002,3.312,2.169,0.562,0.26,0.33899999999999997,0.7340000000000001,0.451,0.512,0.043,0.12,0.465,1.187,0.57,1.6280000000000001,6.2139999999999995,6.827000000000001,6.194,3.722,4.938,5.6770000000000005,7.019,8.865
2016.02.27,1,68.993,2.875,8.66,0.0,8.66,0.022000000000000002,4.085,7.2,8.66,7.1579999999999995,7.597,6.655,4.4,1.892,0.82,1.237,2.0540000000000003,2.201,2.138,0.425,0.414,0.069,0.022000000000000002,0.0,0.07200000000000001,0.529,2.6060000000000003,4.662,4.115,2.812
2016.02.28,1,136.937,5.706,9.949,0.0,9.949,0.226,1.255,0.226,0.0,0.28800000000000003,3.3310000000000004,5.449,6.492000000000001,5.9510000000000005,3.377,1.963,1.6059999999999999,4.705,9.283999999999999,9.872,9.949,9.422,6.742999999999999,7.093,4.418,2.279,5.995,9.767000000000001,9.321,9.674
2016.02.29,1,240.635,10.026,11.729000000000001,7.546,11.729000000000001,7.546,9.732000000000001,9.599,9.013,8.182,7.546,9.618,9.138,11.239,11.729000000000001,11.456,10.353,9.33,10.376,11.481,11.328,9.838,10.559000000000001,10.875,11.48,10.117,10.154,10.52,9.504,9.391
2016.03.01,1,111.74700000000001,4.656000000000001,6.957999999999999,1.8840000000000001,6.957999999999999,1.8840000000000001,7.809,6.957999999999999,4.476,3.657,2.298,3.596,3.625,4.15,2.734,1.8840000000000001,2.63,5.148,6.245,6.325,4.906000000000001,5.1579999999999995,5.818,5.164,5.515,5.0489999999999995,6.182,5.956,5.263,4.4639999999999995
2016.03.02,1,51.703,2.154,5.789,0.047,5.789,0.047,4.546,2.625,2.165,2.8289999999999997,1.9509999999999998,1.556,1.001,1.034,0.542,0.047,0.11199999999999999,0.552,1.406,2.622,3.017,2.6010000000000004,2.64,2.082,1.732,2.888,3.614,2.519,2.1519999999999997,4.227
2016.03.03,1,87.70700000000001,3.654,6.971,0.96,6.971,0.96,5.789,4.158,4.59,3.372,3.301,2.77,2.95,2.426,1.675,0.96,1.229,2.923,4.265,5.562,5.372999999999999,6.598,5.984,2.7489999999999997,2.144,3.318,3.511,1.198,3.32,6.36
2016.03.04,1,124.786,5.199,10.155,2.0580000000000003,10.155,2.0580000000000003,6.971,5.9110000000000005,4.141,5.281000000000001,3.821,3.017,2.0580000000000003,2.886,5.065,3.529,2.356,5.165,9.005,8.481,9.212,10.155,9.472999999999999,6.7620000000000005,6.0089999999999995,4.428999999999999,3.123,3.4189999999999996,3.319,4.1930000000000005
2016.03.05,1,172.668,7.195,11.212,1.022,11.212,1.022,3.9760000000000004,3.634,3.352,3.148,2.965,3.897,6.971,9.204,7.9270000000000005,9.311,8.954,9.082,8.852,10.936,11.212,10.261,10.42,9.235,9.726,10.955,10.360999999999999,3.035,4.144,1.022
2016.03.06,1,35.02,1.459,5.9910000000000005,0.0,5.9910000000000005,0.006,4.064,5.9910000000000005,1.506,1.736,0.521,0.126,0.322,0.177,0.446,1.8430000000000002,2.176,1.527,1.7819999999999998,5.651,4.13,2.07,2.129,1.901,0.915,0.006,0.046,0.019,0.0,0.0
2016.03.07,1,2.526,0.105,0.401,0.0,0.401,0.012,0.0,0.0,0.0,0.0,0.147,0.354,0.086,0.28300000000000003,0.084,0.0,0.012,0.401,0.39299999999999996,0.201,0.23,0.0,0.0,0.0,0.018000000000000002,0.175,0.0,0.0,0.0,0.0
2016.03.08,1,131.09799999999998,5.462000000000001,11.165999999999999,0.065,11.165999999999999,0.065,0.142,0.065,1.022,1.614,2.9819999999999998,4.312,4.382,3.773,3.1489999999999996,4.173,5.605,3.7960000000000003,4.186,2.945,1.6869999999999998,3.766,5.5360000000000005,7.06,8.76,10.138,10.713,10.294,11.165999999999999,9.732999999999999
2016.03.09,1,260.481,10.853,12.005,8.213,12.005,8.213,10.241,10.279000000000002,10.71,10.867,10.825,10.125,9.78,8.213,9.01,9.449,11.222000000000001,11.757,11.597000000000001,11.050999999999998,10.844000000000001,11.198,11.902999999999999,11.822000000000001,11.798,10.993,10.414000000000001,11.184000000000001,11.44,12.005
2016.03.10,1,279.252,11.636,12.0,10.453,12.0,10.453,11.995,11.966,11.933,11.838,12.0,10.96,10.453,11.550999999999998,11.249,11.82,11.857000000000001,11.51,11.808,11.735,11.854000000000001,11.705,11.775,11.696,11.833,11.837,11.795,11.565,11.669,11.829
2016.03.11,1,190.859,7.952000000000001,11.669,4.988,11.669,4.988,11.014000000000001,11.669,11.577,10.357000000000001,9.652999999999999,7.816,6.781000000000001,7.5,5.7139999999999995,6.2010000000000005,8.261000000000001,6.877000000000001,6.436,6.022,7.9670000000000005,8.56,9.174,9.119,8.36,7.247999999999999,7.645,8.044,7.517,7.372999999999999
2016.03.12,1,24.311,1.013,5.261,0.0,5.261,0.002,4.988,5.261,4.131,3.0180000000000002,2.5839999999999996,1.626,1.682,0.956,0.389,0.27399999999999997,0.721,0.366,0.48,0.54,0.47100000000000003,0.8320000000000001,0.5589999999999999,0.419,0.0,0.0,0.0,0.0,0.0,0.0
2016.03.13,1,19.085,0.795,4.915,0.0,4.915,0.01,0.002,0.015,0.0,0.0,0.0,0.0,0.603,1.115,0.01,0.057999999999999996,0.675,0.17,0.0,0.0,0.0,0.0,0.0,0.0,0.0,0.529,1.255,3.9760000000000004,4.915,3.51
2016.03.14,1,190.21599999999998,7.926,11.704,2.468,11.704,2.468,2.254,3.083,4.175,5.21,7.087999999999999,7.6160000000000005,8.276,8.931000000000001,10.347000000000001,8.834,9.48,7.955,7.624,9.404,11.251,11.704,11.491,11.200999999999999,9.794,8.986,9.117,6.364,3.708,2.468
2016.03.15,1,36.213,1.5090000000000001,5.664,0.0,5.664,0.004,6.109,5.41,4.955,5.664,4.46,4.504,3.97,2.3,1.435,1.205,0.552,0.349,0.278,0.364,0.54,0.185,0.004,0.0,0.038,0.0,0.0,0.0,0.0,0.0
2016.03.16,1,2.1959999999999997,0.092,0.573,0.0,0.573,0.004,0.0,0.0,0.0,0.0,0.0,0.004,0.0,0.0,0.094,0.046,0.203,0.166,0.348,0.235,0.573,0.42200000000000004,0.099,0.006,0.0,0.0,0.0,0.0,0.0,0.0
2016.03.17,1,10.218,0.426,1.729,0.0,1.729,0.098,0.0,0.0,0.0,0.0,0.0,0.0,0.0,0.0,0.0,0.0,0.098,0.35100000000000003,1.234,1.729,1.047,1.3659999999999999,0.873,0.473,0.594,0.52,0.46399999999999997,0.7140000000000001,0.0,0.447
2016.03.18,1,36.348,1.515,5.57,0.0,5.57,0.015,0.308,0.015,1.499,2.2430000000000003,0.21899999999999997,0.0,1.655,4.832,5.57,4.659,1.5090000000000001,1.025,0.595,0.10400000000000001,0.0,0.0,0.0,0.0,0.0,0.6579999999999999,2.002,3.443,1.7169999999999999,3.136
2016.03.19,1,184.725,7.697,11.200999999999999,1.788,11.200999999999999,1.788,1.4669999999999999,2.445,1.788,3.293,6.36,10.119,10.743,7.7,8.97,9.725,8.505,7.327999999999999,5.307,3.968,5.73,9.112,10.15,9.344,8.978,8.032,11.200999999999999,10.302999999999999,10.284,8.86
2016.03.20,1,46.62,1.943,7.556,0.0,7.556,0.005,6.48,5.126,5.773,6.24,7.556,6.807,5.995,3.748,2.1719999999999997,0.8440000000000001,0.51,0.5329999999999999,0.262,0.462,0.452,0.12,0.015,0.005,0.0,0.0,0.0,0.0,0.0,0.0
2016.03.21,1,16.250999999999998,0.677,1.8730000000000002,0.0,1.8730000000000002,0.076,0.0,0.076,0.392,0.43799999999999994,0.486,0.442,0.349,0.635,0.635,1.443,1.8730000000000002,1.58,1.456,1.209,0.8959999999999999,1.162,1.235,0.941,0.742,0.261,0.0,0.0,0.0,0.0
2016.03.22,1,42.213,1.7590000000000001,5.257999999999999,0.11900000000000001,5.257999999999999,0.11900000000000001,0.0,0.163,0.8109999999999999,1.945,2.62,1.932,2.553,2.388,1.215,0.736,0.603,0.303,0.13699999999999998,0.36200000000000004,0.11900000000000001,0.337,1.805,2.2680000000000002,2.085,2.5869999999999997,1.775,2.501,2.6830000000000003,5.257999999999999
2016.03.23,1,217.229,9.051,11.617,4.22,11.617,4.22,5.027,4.22,6.707000000000001,10.082,10.35,10.927999999999999,8.47,9.732000000000001,9.915,6.471,8.104,6.891,5.598,5.507000000000001,5.229,8.943999999999999,11.200999999999999,11.331,10.923,10.077,11.617,11.363,11.468,11.267000000000001
2016.03.24,1,127.235,5.301,11.374,1.06,11.374,1.06,10.834000000000001,9.845,11.374,9.677999999999999,8.959,7.489,8.753,6.001,6.657,7.577999999999999,5.666,4.658,4.467,4.247,3.02,2.553,2.929,2.571,1.24,1.06,1.579,2.369,3.865,5.142
2016.03.25,1,77.28699999999999,3.22,6.053999999999999,1.3230000000000002,6.053999999999999,1.3230000000000002,5.535,6.034,6.053999999999999,5.841,5.849,5.5920000000000005,4.448,3.425,2.0780000000000003,1.946,2.149,1.626,1.588,1.3230000000000002,1.911,2.016,1.608,2.068,2.512,3.138,2.688,2.997,3.465,3.355
2016.03.26,1,149.611,6.234,9.305,1.297,9.305,1.297,3.576,5.664,3.911,3.431,4.394,5.483,6.278,7.155,6.814,8.405,8.667,9.305,8.772,9.197000000000001,9.081,9.175,8.423,8.863,8.738999999999999,3.917,1.297,3.215,2.323,3.593
2016.03.27,1,70.868,2.9530000000000003,8.648,0.39,8.648,0.39,3.509,2.58,4.434,7.422999999999999,4.121,2.5839999999999996,2.421,1.944,1.129,0.636,1.587,1.236,1.158,1.021,0.51,0.39,0.893,2.655,1.4140000000000001,0.6629999999999999,1.624,6.189,7.539,8.648
2016.03.28,1,45.248999999999995,1.885,6.642,0.0,6.642,0.018000000000000002,8.068999999999999,6.642,5.195,2.775,4.851,4.104,2.002,1.996,0.47100000000000003,0.0,0.018000000000000002,0.0,0.0,0.541,1.295,2.1,1.679,3.049,1.3840000000000001,1.357,1.712,0.83,0.09300000000000001,0.0
2016.03.29,1,204.979,8.541,11.597000000000001,3.1310000000000002,11.597000000000001,3.1310000000000002,3.155,6.546,7.756,8.452,7.917000000000001,6.752999999999999,5.492999999999999,9.662,10.479000000000001,10.821,11.239,10.425,10.967,11.597000000000001,10.864,10.935,8.545,9.354,8.192,6.111000000000001,3.1310000000000002,4.703,8.308,9.167
2016.03.30,1,18.882,0.787,5.35,0.0,5.35,0.001,7.562,5.35,5.13,3.1260000000000003,3.377,1.55,0.0,0.099,0.008,0.0,0.001,0.048,0.0,0.084,0.0,0.0,0.109,0.0,0.0,0.0,0.0,0.0,0.0,0.0
2016.03.31,1,17.086,0.7120000000000001,3.395,0.0,3.395,0.005,0.0,0.0,0.0,0.005,0.07,0.0,0.0,0.0,0.0,0.0,0.0,0.0,0.0,0.0,0.0,0.354,0.747,0.897,0.395,0.976,1.2429999999999999,3.395,3.002,3.195
2016.04.01,1,63.151,2.6310000000000002,5.486000000000001,0.0,5.486000000000001,0.09300000000000001,2.807,3.03,3.116,4.919,3.7110000000000003,3.753,4.75,5.486000000000001,4.636,3.7319999999999998,3.7239999999999998,5.131,4.084,2.583,2.1180000000000003,1.3559999999999999,2.285,1.5830000000000002,1.02,0.09300000000000001,0.0,0.562,0.71,0.40299999999999997
2016.04.02,1,19.486,0.812,2.276,0.0,2.276,0.047,0.366,0.0,0.0,0.0,0.0,0.0,0.0,0.0,0.0,0.047,1.0190000000000001,1.5759999999999998,1.966,2.276,1.7169999999999999,1.4269999999999998,1.73,2.05,1.492,1.358,0.991,0.608,0.522,0.505
2016.04.03,1,12.665999999999999,0.528,3.2960000000000003,0.0,3.2960000000000003,0.008,0.20199999999999999,0.0,0.096,0.086,0.008,0.0,0.0,0.024,0.012,0.0,0.0,0.161,3.2960000000000003,2.9789999999999996,0.9740000000000001,2.119,1.182,0.094,0.0,0.0,0.0,0.10400000000000001,0.44299999999999995,0.434
2016.04.04,1,26.135,1.089,3.628,0.0,3.628,0.005,0.654,0.856,2.483,3.4960000000000004,2.943,3.155,3.408,3.628,2.326,1.229,1.083,0.526,0.09300000000000001,0.364,0.053,0.005,0.005,0.131,0.12,0.214,0.017,0.0,0.0,0.0
2016.04.05,1,8.001,0.33299999999999996,1.712,0.0,1.712,0.001,0.0,0.0,0.0,0.016,0.09300000000000001,0.12,0.10800000000000001,0.47600000000000003,0.311,0.005,0.0,0.07,0.713,0.7390000000000001,0.336,0.001,0.0,0.341,0.604,0.8809999999999999,0.825,1.712,0.575,0.075
2016.04.06,1,56.113,2.338,8.722999999999999,0.0,8.722999999999999,0.096,0.0,0.0,0.0,0.0,0.0,0.0,0.0,0.0,0.0,0.096,0.431,1.219,2.573,3.833,3.392,3.4360000000000004,3.5860000000000003,5.605,5.138,6.45,6.499,3.5639999999999996,1.087,0.48100000000000004
2016.04.07,1,131.232,5.468,10.79,0.0,10.79,0.225,8.722999999999999,10.620999999999999,8.072000000000001,7.605,7.803999999999999,7.939,8.405,1.504,0.0,0.384,0.225,0.0,3.287,8.709,9.33,10.79,10.734000000000002,6.501,8.02,5.707000000000001,4.74,4.248,3.114,1.59
2016.04.08,1,27.534000000000002,1.147,4.045,0.0,4.045,0.008,1.903,1.5830000000000002,0.7959999999999999,1.879,2.123,2.786,4.045,3.345,3.667,1.393,1.063,1.321,0.86,0.8079999999999999,0.588,0.0,0.19399999999999998,0.008,0.0,0.0,0.121,0.013000000000000001,0.63,0.22899999999999998
2016.04.09,1,4.569,0.19,1.492,0.0,1.492,0.01,0.08199999999999999,0.0,0.069,0.505,0.0,0.032,1.232,1.492,0.35100000000000003,0.0,0.0,0.0,0.01,0.071,0.099,0.157,0.324,0.22699999999999998,0.0,0.0,0.0,0.0,0.0,0.0
2016.04.10,1,6.297000000000001,0.262,2.344,0.0,2.344,0.03,0.0,0.0,0.0,0.0,0.0,0.0,0.098,0.335,0.303,0.512,0.25,0.03,0.132,0.5579999999999999,0.29,0.391,0.0,0.0,0.0,0.0,0.0,0.0,0.036000000000000004,1.018
2016.04.11,1,59.912,2.496,4.256,0.313,4.256,0.313,2.344,2.841,3.667,3.467,2.589,4.256,4.118,3.595,0.968,0.313,0.7709999999999999,3.1239999999999997,2.947,2.92,2.846,2.622,2.819,2.51,2.102,1.4340000000000002,1.624,1.649,2.253,2.391
2016.04.12,1,86.885,3.62,11.15,0.5660000000000001,11.15,0.5660000000000001,2.086,1.426,1.3940000000000001,0.982,1.13,1.236,1.62,1.946,1.8730000000000002,2.215,3.4960000000000004,4.678,2.853,1.591,1.504,1.25,1.53,1.079,0.5660000000000001,3.761,8.277999999999999,10.296,10.515999999999998,11.15
2016.04.13,1,74.417,3.1010000000000004,11.019,0.0,11.019,0.099,10.515,10.099,7.492999999999999,5.73,5.654,9.424,10.11,11.019,7.377000000000001,0.287,0.789,0.732,0.0,0.0,0.0,0.55,0.099,0.0,0.0,0.0,0.195,0.915,1.3330000000000002,1.26
2016.04.14,1,131.636,5.485,9.559,1.131,9.559,1.131,1.351,1.4240000000000002,1.1540000000000001,1.131,1.705,3.1289999999999996,4.769,8.842,9.559,8.897,4.877,4.696000000000001,3.502,6.617000000000001,7.095,6.747999999999999,5.295,5.165,3.5239999999999996,6.848,8.809,7.547999999999999,6.641,6.365
2016.04.15,1,83.042,3.46,10.998,0.685,10.998,0.685,7.296,10.998,10.005,7.829,4.083,2.9330000000000003,1.266,2.229,0.961,3.3,3.565,3.6860000000000004,4.823,3.782,3.48,4.506,4.22,3.347,2.062,1.281,1.044,1.048,1.021,0.888
2016.04.16,1,170.405,7.1,11.988,0.387,11.988,0.387,0.685,0.429,0.387,1.031,1.6130000000000002,3.5669999999999997,5.68,8.123,7.226,7.994,8.953,10.81,11.981,11.987,11.988,10.247,7.355,7.274,7.85,7.944,7.961,7.882999999999999,7.566,7.4510000000000005
2016.04.17,1,124.17299999999999,5.1739999999999995,11.409,0.0,11.409,0.20800000000000002,7.105,4.407,6.8229999999999995,3.967,0.0,0.20800000000000002,1.268,5.712999999999999,6.212000000000001,5.905,7.1129999999999995,10.671,10.837,8.612,7.858,9.142999999999999,11.409,9.401,3.38,0.899,0.502,0.693,1.125,3.7889999999999997
2016.04.18,1,50.025,2.084,5.563,0.0,5.563,0.011000000000000001,4.238,3.2510000000000003,4.563,3.283,5.563,4.23,0.579,0.245,0.0,0.48200000000000004,0.67,2.889,5.236000000000001,4.111000000000001,2.637,2.45,1.5590000000000002,2.234,2.119,2.285,1.087,0.011000000000000001,0.0,0.0
2016.04.19,1,14.867,0.619,3.182,0.0,3.182,0.006,0.541,1.263,1.035,0.22899999999999998,2.369,3.182,2.827,1.034,0.652,0.537,0.14300000000000002,0.12,0.486,0.594,0.0,0.036000000000000004,0.006,0.0,0.0,0.0,0.0,0.0,0.0,0.08199999999999999
2016.04.20,1,81.278,3.387,10.873,0.672,10.873,0.672,0.272,0.672,1.786,1.5290000000000001,0.9159999999999999,0.992,1.5730000000000002,2.461,1.3330000000000002,1.024,1.3,1.069,2.187,2.565,5.035,4.075,5.3229999999999995,2.842,2.104,7.85,7.465,2.259,4.539,10.873
2016.04.21,1,126.355,5.265,11.886,0.01,11.886,0.01,9.506,11.886,10.594000000000001,9.854,9.763,5.896,5.375,0.63,0.716,0.01,0.297,1.3530000000000002,0.47100000000000003,2.637,5.635,7.074,7.1160000000000005,8.037,10.125,11.277000000000001,7.102,4.127,3.0839999999999996,1.784
2016.04.22,1,29.044,1.21,5.49,0.0,5.49,0.008,1.5119999999999998,5.49,3.0980000000000003,3.5069999999999997,3.971,3.477,0.848,0.17600000000000002,0.044000000000000004,0.045,3.488,2.205,1.126,0.419,0.083,0.0,0.008,0.021,0.0,0.043,0.387,0.24,0.044000000000000004,0.284
2016.04.23,1,19.012999999999998,0.792,5.165,0.0,5.165,0.008,0.04,0.027999999999999997,1.98,0.608,0.0,1.6030000000000002,5.165,1.2930000000000001,0.33899999999999997,0.0,0.012,0.0,0.0,0.0,0.0,0.7240000000000001,0.565,0.382,0.008,0.6559999999999999,1.8259999999999998,1.493,0.366,0.35200000000000004
2016.04.24,1,40.335,1.681,8.022,0.0,8.022,0.002,1.6130000000000002,0.002,0.86,4.122,5.375,8.022,4.699,3.807,3.426,2.0,1.028,0.679,1.006,1.047,0.917,0.8859999999999999,0.72,0.664,0.39,0.22899999999999998,0.003,0.0,0.0,0.0
2016.04.25,1,18.249000000000002,0.76,1.5030000000000001,0.067,1.5030000000000001,0.067,0.45299999999999996,0.847,0.91,1.285,1.207,1.11,1.5030000000000001,1.183,0.878,1.4280000000000002,1.3119999999999998,0.977,1.166,1.078,0.41100000000000003,0.444,0.41600000000000004,0.529,0.478,0.068,0.067,0.221,0.157,0.327
2016.04.26,1,17.014,0.7090000000000001,3.484,0.0,3.484,0.016,0.247,0.738,0.909,1.065,0.601,0.20800000000000002,0.317,0.233,0.258,0.0,0.03,0.0,0.021,0.312,0.33399999999999996,0.016,0.028999999999999998,0.18899999999999997,0.642,0.679,0.982,1.474,2.226,3.484
2016.04.27,1,130.649,5.444,9.774,1.899,9.774,1.899,2.267,1.899,3.207,4.585,6.273,6.745,6.388,5.063,8.058,6.445,7.781000000000001,6.211,5.847,6.715,6.337000000000001,5.284,4.061,4.253,4.707,6.851,9.774,5.474,3.821,2.7960000000000003
2016.04.28,1,35.373000000000005,1.474,2.966,0.591,2.966,0.591,2.074,1.483,0.907,0.8,0.6559999999999999,0.591,0.75,1.335,0.652,1.043,0.8340000000000001,1.5490000000000002,1.58,2.52,2.763,1.6059999999999999,1.3769999999999998,2.966,1.21,1.057,1.699,2.276,2.6630000000000003,1.962
2016.04.29,1,34.541,1.439,6.11,0.0,6.11,0.035,1.094,1.463,0.97,1.3969999999999998,2.093,6.11,3.968,4.692,3.6830000000000003,0.935,0.7490000000000001,0.461,0.767,0.7959999999999999,1.018,1.287,1.133,0.621,0.217,0.775,0.563,0.18100000000000002,0.035,0.0
2016.04.30,1,84.04700000000001,3.502,11.184000000000001,0.05,11.184000000000001,0.05,0.627,0.975,1.2930000000000001,1.3940000000000001,0.228,0.376,0.72,0.11,0.05,0.611,1.021,0.958,1.341,3.012,2.7510000000000003,3.083,4.385,3.543,4.808,5.316,9.035,7.956,8.769,11.128
2016.05.01,1,145.743,6.0729999999999995,11.479000000000001,2.109,11.479000000000001,2.109,11.184000000000001,11.479000000000001,10.591,9.562999999999999,7.925,6.182,9.414,7.867000000000001,4.043,7.416,3.136,2.109,3.295,7.659,9.869,7.087999999999999,4.507,2.597,3.2769999999999997,3.8930000000000002,3.3089999999999997,4.171,5.409,6.727
2016.05.02,1,171.783,7.1579999999999995,11.997,0.6729999999999999,11.997,0.6729999999999999,4.217,5.204,4.226,3.3739999999999997,2.291,2.225,1.412,1.217,0.6729999999999999,1.621,2.158,4.103,6.8870000000000005,10.491,11.443,11.196,11.144,11.674000000000001,11.837,11.959000000000001,11.45,11.467,10.957,10.777000000000001
2016.05.03,1,197.963,8.248,11.977,2.737,11.977,2.737,11.997,11.977,11.914000000000001,10.112,9.15,9.527000000000001,6.284,7.903,11.640999999999998,6.952999999999999,4.39,11.713,11.353,10.902999999999999,9.469,6.166,9.552,9.67,9.205,8.788,5.11,5.601,2.737,3.585
2016.05.04,1,131.687,5.487,10.022,1.703,10.022,1.703,4.26,2.312,1.974,3.7089999999999996,4.434,6.305,4.827,5.672999999999999,5.5520000000000005,5.1080000000000005,8.095,10.022,8.696,8.729,8.783999999999999,9.812000000000001,9.311,6.87,5.102,2.923,2.7060000000000004,3.697,3.201,2.142
2016.05.05,1,115.891,4.829,11.72,0.0,11.72,0.02,1.703,2.3,0.6509999999999999,0.02,0.0,0.0,0.0,0.06,0.0,0.43,1.57,2.3819999999999997,5.295,4.131,3.181,6.856,8.542,9.77,10.636,8.933,7.425,9.711,11.622,11.72
2016.05.06,1,60.272,2.511,9.349,0.0,9.349,0.003,10.655999999999999,8.808,4.968,4.074,5.859,3.785,7.105,9.349,1.285,0.0,0.0,0.003,0.447,0.040999999999999995,0.0,0.0,0.077,0.01,0.0,0.0,0.027999999999999997,0.465,2.855,6.542999999999999
2016.05.07,1,130.918,5.455,11.378,1.301,11.378,1.301,4.57,3.633,8.11,10.359000000000002,10.544,11.378,5.5729999999999995,3.9610000000000003,4.364,4.885,3.417,2.262,1.8530000000000002,1.301,1.906,2.421,3.161,7.172000000000001,7.829,6.629,7.358,6.254,6.853,5.817
2016.05.08,1,26.294,1.0959999999999999,6.319,0.0,6.319,0.01,3.878,6.319,5.846,4.281000000000001,0.7659999999999999,0.079,0.01,0.252,0.145,0.068,0.715,1.73,1.3730000000000002,0.973,0.405,0.135,0.21,0.02,0.214,0.316,0.5770000000000001,0.462,0.915,0.483
2016.05.09,1,8.382,0.349,1.454,0.0,1.454,0.005,0.0,0.0,0.22399999999999998,0.43700000000000006,0.7190000000000001,0.6659999999999999,1.071,1.454,1.3159999999999998,0.953,0.564,0.685,0.28800000000000003,0.005,0.0,0.0,0.0,0.0,0.0,0.0,0.0,0.0,0.0,0.0
2016.05.10,1,78.868,3.286,11.602,0.0,11.602,0.073,0.0,0.0,0.0,0.0,0.0,0.0,0.0,0.0,0.0,0.0,0.0,0.073,1.298,4.151,2.0180000000000002,3.863,4.487,9.891,11.602,10.849,8.862,6.035,4.218999999999999,3.4330000000000003
2016.05.11,1,51.365,2.14,8.011000000000001,0.0,8.011000000000001,0.004,8.087,3.3989999999999996,2.1430000000000002,3.995,5.249,7.11,8.011000000000001,7.037000000000001,3.0469999999999997,2.265,1.825,1.7169999999999999,1.308,1.07,0.557,0.857,1.061,0.415,0.0,0.0,0.004,0.0,0.15,0.13699999999999998
2016.05.12,1,49.424,2.059,3.6689999999999996,0.268,3.6689999999999996,0.268,0.008,0.268,2.065,2.975,2.6189999999999998,2.596,2.49,2.43,1.75,2.099,1.507,1.196,1.209,2.068,1.999,1.063,1.922,2.912,3.6689999999999996,3.3280000000000003,2.417,2.34,1.8840000000000001,1.5959999999999999
2016.05.13,1,17.06,0.711,3.136,0.0,3.136,0.004,1.022,0.496,0.004,0.0,0.0,0.0,0.971,2.129,1.469,0.875,1.818,0.316,0.024,1.5730000000000002,3.136,1.99,1.0959999999999999,0.32799999999999996,0.062,0.42,0.006,0.0,0.207,0.14
2016.05.14,1,17.737000000000002,0.7390000000000001,1.5819999999999999,0.0,1.5819999999999999,0.009000000000000001,0.0,0.0,0.124,0.578,0.509,0.501,0.41600000000000004,0.608,1.014,1.329,1.5819999999999999,1.31,1.035,1.126,1.194,1.175,1.104,0.9109999999999999,0.659,0.265,0.009000000000000001,0.354,0.5720000000000001,0.45299999999999996
2016.05.15,1,105.459,4.394,11.872,0.9490000000000001,11.872,0.9490000000000001,0.909,1.68,2.747,1.831,2.261,1.286,0.9490000000000001,1.798,3.065,3.53,5.91,7.7170000000000005,7.888,8.052,1.952,3.554,5.671,2.441,2.455,5.888,7.065,6.255,2.45,7.142
2016.05.16,1,181.71400000000003,7.571000000000001,11.927999999999999,2.053,11.927999999999999,2.053,11.872,11.927999999999999,11.520999999999999,11.418,10.905,11.879000000000001,10.844000000000001,10.914000000000001,9.362,8.43,9.158,10.433,9.092,9.617,7.001,5.1370000000000005,4.27,5.167999999999999,2.7939999999999996,2.053,2.5860000000000003,4.709,4.675,3.844
2016.05.17,1,51.895,2.162,4.687,0.0,4.687,0.268,3.9760000000000004,2.8810000000000002,2.119,1.811,1.979,2.945,3.2880000000000003,1.95,1.122,2.909,4.687,0.0,0.0,0.0,0.757,4.506,3.863,3.8960000000000004,4.066,3.153,2.695,1.639,0.904,0.457
2016.05.18,1,1.614,0.067,0.301,0.0,0.301,0.004,0.268,0.23199999999999998,0.021,0.124,0.301,0.21,0.198,0.069,0.0,0.0,0.0,0.03,0.18100000000000002,0.156,0.08199999999999999,0.004,0.0,0.006,0.0,0.0,0.0,0.0,0.0,0.0
2016.05.19,1,1.8519999999999999,0.077,0.578,0.0,0.578,0.003,0.0,0.0,0.008,0.0,0.0,0.0,0.0,0.0,0.0,0.0,0.059000000000000004,0.14,0.0,0.095,0.003,0.249,0.23600000000000002,0.578,0.252,0.0,0.0,0.0,0.0,0.0
2016.05.20,1,14.469000000000001,0.603,1.68,0.039,1.68,0.039,0.23199999999999998,0.278,0.513,0.639,0.34299999999999997,0.46799999999999997,0.607,0.743,0.8959999999999999,0.778,0.629,0.7240000000000001,0.382,0.439,0.536,0.823,1.625,1.68,1.013,0.29,0.039,0.294,0.46799999999999997,0.114
2016.05.21,1,16.135,0.672,1.4269999999999998,0.242,1.4269999999999998,0.242,0.14800000000000002,0.585,0.469,0.485,0.596,0.396,0.364,0.337,0.439,0.6409999999999999,1.163,1.357,1.4269999999999998,1.246,1.024,0.8170000000000001,0.541,1.079,0.586,0.389,0.45899999999999996,0.701,0.48100000000000004,0.242
2016.05.22,1,12.889000000000001,0.537,1.5430000000000001,0.0,1.5430000000000001,0.002,0.311,0.301,0.284,0.20600000000000002,0.349,0.42700000000000005,0.41200000000000003,0.451,0.35700000000000004,0.68,1.171,1.5430000000000001,1.335,0.9390000000000001,1.073,0.8109999999999999,0.7120000000000001,0.851,0.222,0.028999999999999998,0.002,0.004,0.0,0.038
2016.05.23,1,50.327,2.097,4.7989999999999995,0.0,4.7989999999999995,0.015,0.6920000000000001,0.616,0.135,0.0,0.0,0.015,0.532,0.096,0.185,0.368,0.703,1.7369999999999999,3.0060000000000002,2.719,4.178999999999999,4.7989999999999995,4.638,4.184,3.201,2.89,2.655,2.687,3.472,4.455
2016.05.24,1,101.706,4.238,7.997999999999999,0.7559999999999999,7.997999999999999,0.7559999999999999,3.055,3.665,4.245,5.867999999999999,4.6930000000000005,6.528,7.997999999999999,7.591,7.796,5.367999999999999,6.895,5.545,6.653,4.6739999999999995,2.064,3.234,1.9069999999999998,0.7559999999999999,2.272,1.285,2.804,2.218,2.69,2.615
2016.05.25,1,28.85,1.202,4.676,0.0,4.676,0.005,2.342,1.046,2.656,2.496,2.738,3.536,4.676,4.5360000000000005,1.92,0.8029999999999999,0.5329999999999999,0.0,0.01,0.684,1.754,0.275,0.005,0.0,0.0,0.188,0.305,0.19699999999999998,0.0,0.0
2016.05.26,1,6.821000000000001,0.284,1.436,0.0,1.436,0.002,0.49200000000000005,1.173,0.402,0.052000000000000005,0.0,0.207,0.0,0.0,0.0,0.0,0.0,0.0,0.21,0.091,0.047,0.03,0.002,0.423,0.235,0.126,0.262,0.174,1.436,1.3659999999999999
2016.05.27,1,4.113,0.171,1.2229999999999999,0.0,1.2229999999999999,0.004,0.585,0.012,0.006999999999999999,0.0,0.757,1.0270000000000001,1.2229999999999999,0.355,0.373,0.16899999999999998,0.004,0.0,0.0,0.026000000000000002,0.025,0.0,0.135,0.0,0.0,0.0,0.0,0.0,0.0,0.0
2016.05.28,1,5.899,0.24600000000000002,1.395,0.0,1.395,0.004,0.0,0.0,0.0,0.043,0.0,0.267,1.395,0.884,0.6890000000000001,1.141,0.833,0.25,0.068,0.081,0.084,0.02,0.004,0.0,0.0,0.0,0.015,0.125,0.0,0.0
2016.05.29,1,37.911,1.58,7.622000000000001,0.0,7.622000000000001,0.001,0.0,0.0,0.0,0.0,0.38299999999999995,0.0,0.001,0.045,0.18100000000000002,0.08199999999999999,0.083,0.019,0.037000000000000005,0.0,0.436,0.972,1.3840000000000001,0.574,0.541,2.531,5.138,4.588,6.882999999999999,7.622000000000001
2016.05.30,1,87.51,3.6460000000000004,7.837000000000001,1.005,7.837000000000001,1.005,6.4110000000000005,7.755,7.837000000000001,5.361000000000001,4.772,6.04,7.132999999999999,6.08,5.27,5.9270000000000005,5.8420000000000005,3.748,3.3089999999999997,2.3209999999999997,1.847,1.3769999999999998,1.016,1.005,1.2329999999999999,1.425,2.295,1.6130000000000002,1.158,1.625
2016.05.31,1,28.142,1.173,3.352,0.0,3.352,0.064,1.521,1.113,2.34,3.352,2.98,1.621,0.8009999999999999,0.738,0.573,0.769,0.8170000000000001,0.848,0.9520000000000001,0.961,0.878,1.0,1.368,1.2770000000000001,0.064,0.322,0.0,0.295,0.084,2.323
2016.06.01,1,46.169,1.9240000000000002,3.7310000000000003,0.001,3.7310000000000003,0.001,2.6660000000000004,2.573,2.234,2.528,3.25,3.7310000000000003,3.153,0.126,0.001,0.187,0.6759999999999999,1.2409999999999999,1.906,3.157,3.6180000000000003,3.415,3.205,2.305,3.25,1.7530000000000001,0.922,0.38799999999999996,0.595,0.8109999999999999
2016.06.02,1,22.316,0.93,1.933,0.0,1.933,0.092,1.1440000000000001,1.3119999999999998,1.7519999999999998,1.1540000000000001,1.909,1.662,1.499,1.0859999999999999,1.53,1.078,1.41,1.933,1.6969999999999998,1.0170000000000001,1.31,0.846,0.545,0.37,0.092,0.0,0.0,0.0,0.0,0.0
2016.06.03,1,11.895,0.496,1.419,0.0,1.419,0.001,0.114,0.0,0.001,0.67,0.617,0.8859999999999999,0.311,0.099,0.048,0.0,0.24600000000000002,0.705,0.693,0.622,0.574,0.6729999999999999,0.7170000000000001,0.426,0.162,0.21100000000000002,0.006,0.32899999999999996,1.419,1.361
2016.06.04,1,106.63,4.4430000000000005,8.546,1.071,8.546,1.071,1.119,1.2590000000000001,1.071,1.194,1.485,3.5669999999999997,5.601,2.594,5.075,2.08,1.8359999999999999,7.622999999999999,8.546,7.611000000000001,8.163,7.227,7.244,8.369,7.355,4.8469999999999995,3.863,2.0269999999999997,2.21,2.6710000000000003
2016.06.05,1,50.486999999999995,2.104,5.585,0.657,5.585,0.657,3.112,3.5269999999999997,5.585,4.273,3.554,2.299,1.656,1.671,2.255,2.415,1.4869999999999999,1.725,1.247,0.657,1.368,1.661,1.1840000000000002,1.148,1.855,1.304,1.525,1.662,1.695,2.023
2016.06.06,1,35.709,1.4880000000000002,3.358,0.0,3.358,0.057,2.7110000000000003,2.802,2.853,2.833,3.358,3.02,2.9389999999999996,2.965,2.137,1.932,1.75,1.187,1.531,2.53,1.308,0.747,0.597,0.523,0.33799999999999997,0.184,0.0,0.0,0.0,0.057
2016.06.07,1,0.493,0.021,0.266,0.0,0.266,0.006999999999999999,0.11800000000000001,0.0,0.0,0.0,0.0,0.0,0.0,0.0,0.0,0.04,0.266,0.081,0.0,0.0,0.099,0.006999999999999999,0.0,0.0,0.0,0.0,0.0,0.0,0.0,0.0
2016.06.08,1,0.415,0.017,0.205,0.0,0.205,0.02,0.0,0.081,0.0,0.0,0.0,0.0,0.0,0.0,0.051,0.205,0.0,0.0,0.0,0.0,0.057999999999999996,0.02,0.0,0.0,0.0,0.0,0.0,0.0,0.0,0.0
2016.06.09,1,3.6180000000000003,0.151,0.731,0.0,0.731,0.002,0.0,0.0,0.0,0.0,0.0,0.317,0.517,0.397,0.534,0.22,0.179,0.721,0.731,0.0,0.0,0.0,0.0,0.002,0.0,0.0,0.0,0.0,0.0,0.0
2016.06.10,1,6.454,0.26899999999999996,0.6579999999999999,0.0,0.6579999999999999,0.024,0.0,0.0,0.0,0.0,0.0,0.024,0.0,0.0,0.076,0.0,0.32299999999999995,0.456,0.5579999999999999,0.652,0.6579999999999999,0.603,0.621,0.33799999999999997,0.529,0.335,0.155,0.1,0.079,0.40299999999999997
2016.06.11,1,27.322,1.138,2.637,0.0,2.637,0.026000000000000002,0.544,0.626,0.8440000000000001,0.35600000000000004,0.198,0.147,0.026000000000000002,0.0,0.0,0.133,0.175,0.262,0.6779999999999999,1.9140000000000001,2.418,2.1630000000000003,1.699,1.626,1.983,2.637,2.405,2.064,1.814,1.975
2016.06.12,1,1.2890000000000001,0.054000000000000006,0.29,0.0,0.29,0.002,1.179,0.29,0.29,0.23199999999999998,0.003,0.0,0.0,0.0,0.07,0.002,0.0,0.0,0.149,0.1,0.021,0.013999999999999999,0.0,0.062,0.0,0.0,0.0,0.0,0.0,0.0
2016.06.13,1,34.968,1.4569999999999999,3.549,0.0,3.549,0.027000000000000003,0.055999999999999994,0.691,1.4169999999999998,2.489,2.123,2.213,3.5269999999999997,2.016,2.51,2.128,2.503,3.549,3.252,1.676,0.7070000000000001,0.377,1.2590000000000001,1.5590000000000002,0.669,0.109,0.10800000000000001,0.059000000000000004,0.0,0.0
2016.06.14,1,10.968,0.457,5.212000000000001,0.0,5.212000000000001,0.005,0.027000000000000003,0.0,0.005,0.0,0.0,0.0,0.0,0.0,0.0,0.483,0.168,0.045,0.9490000000000001,0.998,0.632,0.0,0.071,0.0,0.085,0.042,0.23800000000000002,1.131,0.046,0.863
2016.06.15,1,139.024,5.792999999999999,10.467,0.838,10.467,0.838,5.212000000000001,6.332999999999999,7.74,4.198,2.46,3.681,9.156,10.467,9.048,7.354,6.946000000000001,6.303999999999999,6.603,9.135,8.931000000000001,8.464,9.041,7.117000000000001,3.27,3.1860000000000004,1.567,2.002,2.7230000000000003,0.838
2016.06.16,1,101.241,4.218,11.075,0.0,11.075,0.32299999999999995,2.46,3.103,0.893,0.0,0.32299999999999995,3.154,3.511,2.583,5.131,2.208,2.3,7.997000000000001,6.8420000000000005,11.075,8.328,7.295,6.855,3.688,5.857,6.063,3.766,1.889,1.389,4.735
2016.06.17,1,22.226,0.9259999999999999,3.62,0.0,3.62,0.002,2.256,2.2569999999999997,2.6689999999999996,2.2159999999999997,2.256,3.62,1.0390000000000001,0.204,0.0,0.0,0.0,0.071,0.09699999999999999,0.113,0.03,0.0,0.002,0.0,0.0,0.298,0.745,1.574,1.5219999999999998,0.833
2016.06.18,1,57.023,2.376,4.353,0.5579999999999999,4.353,0.5579999999999999,2.68,4.065,3.78,4.353,3.034,3.32,3.978,2.38,0.6559999999999999,1.755,2.287,4.251,3.4389999999999996,2.225,1.643,0.9159999999999999,0.677,1.026,0.986,1.028,1.2930000000000001,0.5579999999999999,1.994,3.5639999999999996
2016.06.19,1,24.06,1.003,5.774,0.0,5.774,0.054000000000000006,3.815,5.774,2.763,1.757,2.8,2.501,0.136,0.0,0.55,0.0,0.054000000000000006,0.456,0.057999999999999996,0.0,0.0,0.0,0.0,0.0,0.0,0.0,0.0,0.5760000000000001,2.0669999999999997,2.161
2016.06.20,1,48.937,2.039,6.457000000000001,0.0,6.457000000000001,0.027999999999999997,2.407,0.418,0.0,1.318,1.227,4.04,1.38,0.0,0.0,0.0,0.0,0.653,1.228,1.247,0.204,6.229,6.457000000000001,3.78,6.097,6.225,1.237,4.281000000000001,2.477,0.41100000000000003
2016.06.21,1,13.470999999999998,0.561,2.6689999999999996,0.0,2.6689999999999996,0.01,0.027999999999999997,0.391,0.9059999999999999,2.6689999999999996,1.426,2.028,2.18,1.973,0.055999999999999994,0.0,0.0,0.0,0.0,0.01,0.077,0.09699999999999999,0.0,0.0,0.0,0.0,0.064,0.198,0.452,0.23600000000000002
2016.06.22,1,32.51,1.355,7.018,0.0,7.018,0.004,0.708,0.053,0.004,0.135,0.305,1.109,1.376,0.19899999999999998,0.023,0.049,0.10800000000000001,0.012,0.20199999999999999,0.635,6.436,7.018,6.351,6.268,2.151,0.004,0.0,0.008,0.025,0.0
2016.06.23,1,11.686,0.48700000000000004,1.14,0.0,1.14,0.004,0.039,0.231,0.161,0.004,0.0,0.033,0.138,0.17,0.436,0.82,0.672,0.831,0.735,0.527,0.226,0.032,0.266,0.33799999999999997,0.691,0.5529999999999999,0.902,0.6809999999999999,1.14,1.13
2016.06.24,1,135.623,5.651,10.890999999999998,0.555,10.890999999999998,0.555,0.9690000000000001,0.985,0.649,0.816,3.057,8.305,9.35,10.890999999999998,9.852,7.079,5.787000000000001,4.6930000000000005,4.652,3.5239999999999996,1.2670000000000001,0.555,2.303,9.164,9.302999999999999,7.531000000000001,6.8229999999999995,8.187999999999999,9.54,6.0120000000000005
2016.06.25,1,50.908,2.121,8.927999999999999,0.0,8.927999999999999,0.05,5.297000000000001,3.642,3.555,3.234,0.555,2.168,8.927999999999999,3.213,2.65,2.072,5.457000000000001,2.546,0.434,0.05,0.21,0.0,0.773,1.94,0.7190000000000001,0.6809999999999999,2.0,1.3330000000000002,0.605,0.915
2016.06.26,1,30.051,1.252,4.603,0.0,4.603,0.013999999999999999,3.228,4.57,4.603,1.986,2.117,0.6940000000000001,0.43,3.2889999999999997,1.636,0.565,0.895,0.741,0.866,1.42,1.091,1.463,1.4080000000000001,1.258,0.593,0.013999999999999999,0.0,0.382,0.03,0.0
2016.06.27,1,4.08,0.17,1.27,0.0,1.27,0.002,0.0,0.0,0.0,0.0,0.0,0.0,0.0,0.0,0.0,0.002,0.365,0.217,0.43700000000000006,1.27,1.126,0.262,0.0,0.022000000000000002,0.0,0.0,0.0,0.066,0.015,0.127
2016.06.28,1,5.619,0.23399999999999999,1.189,0.0,1.189,0.004,0.171,0.092,0.006999999999999999,0.0,0.0,0.026000000000000002,0.129,0.152,0.005,0.028999999999999998,0.174,0.037000000000000005,0.009000000000000001,0.0,0.004,0.321,0.36700000000000005,0.7440000000000001,0.435,0.013999999999999999,0.248,0.451,0.518,0.6679999999999999
2016.06.29,1,1.087,0.045,0.5379999999999999,0.0,0.5379999999999999,0.002,1.189,0.5379999999999999,0.002,0.004,0.0,0.0,0.0,0.0,0.0,0.0,0.0,0.0,0.015,0.016,0.239,0.064,0.14300000000000002,0.004,0.0,0.0,0.011000000000000001,0.051,0.0,0.0
2016.06.30,1,74.19800000000001,3.092,7.742000000000001,0.0,7.742000000000001,0.004,0.0,0.0,0.14400000000000002,0.762,1.5530000000000002,3.71,6.272,6.385,2.094,0.004,0.0,0.0,0.445,1.955,3.577,3.576,3.862,3.937,2.272,2.539,4.499,5.377999999999999,7.252999999999999,7.742000000000001
2016.07.01,1,189.623,7.901,11.129000000000001,2.97,11.129000000000001,2.97,6.239,8.521,7.584,5.23,5.812,5.506,2.97,4.064,7.598,7.822,9.369,6.912000000000001,8.644,8.255,9.104,9.96,8.411,9.231,9.258,9.391,8.32,6.718999999999999,9.351,10.462
2016.07.02,1,123.98700000000001,5.166,9.936,0.0,9.936,0.019,11.129000000000001,9.936,8.808,9.812000000000001,9.691,9.37,6.148,5.732,4.4030000000000005,4.5280000000000005,5.087,4.6739999999999995,7.982,8.342,8.827,8.799,6.263,4.888999999999999,0.44,0.019,0.0,0.0,0.237,0.0
2016.07.03,1,30.322,1.263,5.62,0.0,5.62,0.032,0.0,0.0,0.0,0.813,0.932,0.0,0.0,0.0,1.11,0.075,0.032,0.0,0.068,1.013,3.51,4.787,5.62,2.261,0.47100000000000003,0.977,1.913,1.804,0.9229999999999999,1.31
2016.07.04,1,142.537,5.939,8.951,1.9709999999999999,8.951,1.9709999999999999,2.7030000000000003,3.219,5.093999999999999,6.146,5.492999999999999,7.4270000000000005,6.648,8.113999999999999,8.951,6.837000000000001,5.3229999999999995,3.219,5.593,5.85,6.03,5.5120000000000005,7.751,5.9910000000000005,7.141,6.066,1.9709999999999999,4.026,4.349,7.37
2016.07.05,1,164.87400000000002,6.87,10.215,3.721,10.215,3.721,8.416,6.62,7.494,7.477,5.002,5.3020000000000005,6.245,5.952000000000001,8.468,5.942,7.031000000000001,6.7139999999999995,6.66,7.905,9.638,8.982000000000001,5.848,5.6,6.482,8.025,10.215,8.519,6.124,4.908
2016.07.06,1,64.529,2.6889999999999996,5.142,0.0,5.142,0.513,3.721,3.83,2.8489999999999998,2.131,2.509,1.2830000000000001,2.02,3.2439999999999998,3.365,3.2769999999999997,3.502,3.932,5.142,4.418,3.612,4.353,4.529,2.897,0.602,0.0,0.513,1.53,2.182,1.55
2016.07.07,1,12.222000000000001,0.509,1.651,0.0,1.651,0.004,1.2590000000000001,0.9229999999999999,0.871,0.268,0.02,0.0,0.282,0.389,0.019,0.23800000000000002,0.431,0.444,0.647,1.095,0.903,1.226,1.254,1.651,1.251,0.306,0.0,0.0,0.0,0.0
2016.07.08,1,14.31,0.596,1.45,0.0,1.45,0.031,0.004,0.235,0.925,0.606,0.516,0.255,0.0,0.247,1.188,0.473,1.1320000000000001,1.45,1.4240000000000002,1.3530000000000002,0.6409999999999999,0.47200000000000003,0.514,0.341,0.47600000000000003,0.99,0.489,0.031,0.14,0.23399999999999999
2016.07.09,1,4.901,0.204,0.9420000000000001,0.0,0.9420000000000001,0.004,0.17800000000000002,0.096,0.222,0.085,0.866,0.9420000000000001,0.7020000000000001,0.27899999999999997,0.004,0.06,0.06,0.185,0.314,0.456,0.325,0.282,0.023,0.0,0.0,0.0,0.0,0.0,0.0,0.0
2016.07.10,1,3.3310000000000004,0.139,1.22,0.0,1.22,0.01,0.0,0.0,0.0,0.0,0.0,0.0,0.0,0.0,0.0,0.0,0.01,0.0,0.23199999999999998,1.22,0.8590000000000001,0.972,0.0,0.0,0.0,0.038,0.0,0.0,0.0,0.0
2016.07.11,1,7.76,0.32299999999999995,1.2309999999999999,0.0,1.2309999999999999,0.008,0.0,0.706,0.239,0.153,0.33399999999999996,0.499,0.581,0.105,0.358,0.008,0.0,0.0,0.0,0.0,0.41600000000000004,0.757,1.2309999999999999,0.892,0.242,0.012,0.0,0.035,0.08900000000000001,0.643
2016.07.12,1,39.719,1.655,7.686,0.0,7.686,0.076,0.46,0.10099999999999999,0.27399999999999997,3.085,4.335,4.045,2.741,4.2860000000000005,1.022,0.99,1.609,0.655,0.114,0.0,0.0,0.149,0.076,5.818,7.686,2.733,0.0,0.0,0.0,0.0
2016.07.13,1,6.555,0.273,3.065,0.0,3.065,0.004,0.0,0.0,0.0,0.0,0.0,0.0,0.0,0.0,0.0,0.0,0.0,0.0,0.0,0.009000000000000001,0.0,0.0,0.0,0.0,0.0,0.0,0.004,0.624,1.361,1.492
2016.07.14,1,77.811,3.242,10.132,0.0,10.132,0.04,3.065,0.887,0.094,0.0,0.04,0.257,0.228,2.572,4.917,5.303999999999999,5.24,5.545,6.4670000000000005,3.887,3.5189999999999997,2.5610000000000004,2.181,1.484,1.061,2.7039999999999997,7.065,10.132,9.061,1.8419999999999999
2016.07.15,1,41.666000000000004,1.736,3.196,0.0,3.196,0.018000000000000002,0.763,1.27,0.7140000000000001,0.287,0.115,0.0,0.0,0.018000000000000002,0.528,1.219,2.066,2.622,2.615,2.858,2.9419999999999997,2.339,2.3169999999999997,2.237,1.962,1.649,2.123,2.9130000000000003,3.0860000000000003,3.196
2016.07.16,1,63.626000000000005,2.6510000000000002,8.782,0.225,8.782,0.225,2.59,4.0889999999999995,3.3480000000000003,2.246,2.03,2.8489999999999998,1.8840000000000001,8.782,6.17,4.763,2.371,2.9989999999999997,1.4509999999999998,4.365,2.123,0.7340000000000001,2.22,2.45,3.1210000000000004,1.589,1.6980000000000002,0.495,0.225,0.988
2016.07.17,1,8.517999999999999,0.355,1.3630000000000002,0.0,1.3630000000000002,0.017,0.636,0.366,1.321,0.32799999999999996,1.3630000000000002,0.9159999999999999,0.7090000000000001,0.838,0.716,0.746,0.43,0.017,0.0,0.0,0.287,0.152,0.0,0.0,0.0,0.036000000000000004,0.044000000000000004,0.0,0.166,0.0
2016.07.18,1,0.46399999999999997,0.019,0.25,0.0,0.25,0.01,0.083,0.01,0.0,0.0,0.0,0.0,0.25,0.157,0.0,0.0,0.0,0.0,0.047,0.0,0.0,0.0,0.0,0.0,0.0,0.0,0.0,0.0,0.0,0.0
2016.07.19,1,18.33,0.764,1.8840000000000001,0.0,1.8840000000000001,0.09699999999999999,0.0,0.0,0.0,0.0,0.0,0.0,0.09699999999999999,0.564,0.48200000000000004,0.534,0.856,1.5659999999999998,1.765,1.094,1.8840000000000001,1.72,1.7169999999999999,1.0,0.855,0.792,0.479,0.665,0.746,0.698
2016.07.20,1,30.496,1.271,2.415,0.35,2.415,0.35,0.816,0.564,0.535,0.6970000000000001,0.35,0.461,0.51,0.861,0.652,1.14,1.421,1.062,1.3330000000000002,1.632,1.8219999999999998,1.5330000000000001,1.207,1.476,2.0140000000000002,1.534,2.141,1.964,2.415,1.969
2016.07.21,1,34.429,1.435,2.7680000000000002,0.38299999999999995,2.7680000000000002,0.38299999999999995,1.203,1.209,1.18,0.953,1.16,1.035,1.274,1.777,2.08,2.316,2.5540000000000003,1.655,1.53,1.347,1.194,0.38299999999999995,2.7680000000000002,2.359,1.902,2.049,1.6280000000000001,0.469,0.41100000000000003,0.642
2016.07.22,1,17.128,0.7140000000000001,1.446,0.02,1.446,0.02,0.5539999999999999,0.195,0.192,0.6459999999999999,0.138,0.344,0.18100000000000002,0.02,0.23399999999999999,0.461,0.67,1.013,1.446,1.315,1.104,1.401,1.321,1.445,1.082,0.995,0.74,0.72,0.541,0.5589999999999999
2016.07.23,1,12.731,0.53,1.1159999999999999,0.036000000000000004,1.1159999999999999,0.036000000000000004,0.365,0.5579999999999999,0.409,0.228,0.051,0.32799999999999996,0.502,0.158,0.036000000000000004,0.369,0.607,0.627,0.775,0.73,0.7090000000000001,1.1159999999999999,1.026,0.893,0.504,0.8759999999999999,0.37200000000000005,0.16899999999999998,0.47100000000000003,0.521
2016.07.24,1,30.194000000000003,1.258,3.895,0.0,3.895,0.18100000000000002,0.696,1.489,2.355,3.346,3.895,1.0959999999999999,1.923,2.502,1.3159999999999998,1.206,1.6019999999999999,1.196,1.5759999999999998,1.036,0.523,0.0,0.0,0.18100000000000002,0.201,0.377,0.47200000000000003,0.7440000000000001,0.872,0.9790000000000001
2016.07.25,1,22.345,0.9309999999999999,1.395,0.38299999999999995,1.395,0.38299999999999995,1.307,1.395,1.032,1.071,0.802,0.892,1.21,1.239,0.445,0.38299999999999995,0.579,1.024,0.893,1.171,1.228,1.111,1.199,0.892,0.746,0.733,0.6,0.6,0.784,1.1520000000000001
2016.07.26,1,36.375,1.516,3.282,0.004,3.282,0.004,1.1640000000000001,2.319,2.049,1.807,1.508,1.4169999999999998,1.033,0.946,0.7140000000000001,0.604,1.508,2.414,2.9619999999999997,1.925,0.1,0.10800000000000001,0.086,0.004,0.741,1.298,1.8980000000000001,1.65,3.282,3.147
2016.07.27,1,121.721,5.072,8.488,1.808,8.488,1.808,2.855,4.083,4.423,2.112,3.11,3.653,1.808,3.407,4.518,5.797000000000001,4.876,5.171,6.042999999999999,7.216,6.4910000000000005,3.5010000000000003,3.325,3.9389999999999996,5.644,5.325,6.74,8.042,7.167000000000001,6.8420000000000005
2016.07.28,1,91.785,3.824,8.807,0.012,8.807,0.012,8.488,7.263,8.158999999999999,8.807,8.568999999999999,7.07,8.202,7.915,3.444,0.012,0.818,0.978,1.723,1.5330000000000001,1.815,2.117,1.42,1.187,1.133,1.315,2.247,3.003,3.467,4.65
2016.07.29,1,63.578,2.6489999999999996,6.081,1.0490000000000002,6.081,1.0490000000000002,4.938,5.011,4.274,6.081,4.422,5.084,3.447,3.8810000000000002,2.859,1.8359999999999999,1.465,1.8130000000000002,1.318,1.7369999999999999,1.913,2.331,2.35,2.074,2.779,1.751,1.204,1.0490000000000002,1.137,1.589
2016.07.30,1,23.834,0.993,1.641,0.10800000000000001,1.641,0.10800000000000001,2.173,1.641,1.4140000000000001,0.9079999999999999,0.773,0.956,0.956,0.71,0.46,0.67,0.9159999999999999,1.111,1.1740000000000002,1.063,1.008,1.114,1.107,1.171,0.97,1.1320000000000001,1.329,1.3969999999999998,1.165,0.581
2016.07.31,1,1.7009999999999998,0.071,0.752,0.0,0.752,0.01,0.10800000000000001,0.0,0.0,0.0,0.0,0.01,0.0,0.0,0.0,0.0,0.0,0.23800000000000002,0.456,0.752,0.245,0.0,0.0,0.0,0.0,0.0,0.0,0.0,0.0,0.0
2016.08.01,1,2.688,0.11199999999999999,0.836,0.0,0.836,0.016,0.0,0.0,0.0,0.033,0.0,0.0,0.0,0.0,0.0,0.0,0.0,0.0,0.19899999999999998,0.8140000000000001,0.836,0.152,0.428,0.0,0.0,0.016,0.018000000000000002,0.0,0.0,0.017
2016.08.02,1,8.047,0.335,1.9280000000000002,0.0,1.9280000000000002,0.006999999999999999,0.175,0.124,0.0,0.0,0.0,0.0,0.0,0.0,0.0,0.006999999999999999,0.0,0.031,0.38299999999999995,0.733,0.33299999999999996,0.768,1.006,0.8109999999999999,1.9280000000000002,0.879,0.45,0.25,0.344,0.0
2016.08.03,1,0.904,0.038,0.45,0.0,0.45,0.033,0.0,0.033,0.45,0.115,0.0,0.0,0.0,0.0,0.0,0.0,0.0,0.0,0.264,0.0,0.0,0.0,0.0,0.0,0.0,0.042,0.0,0.0,0.0,0.0
2016.08.04,1,12.075,0.503,2.009,0.024,2.009,0.024,0.0,0.08,0.312,0.28300000000000003,0.355,0.41100000000000003,0.434,0.191,0.166,0.22699999999999998,1.228,2.009,0.862,0.17300000000000001,0.39399999999999996,0.848,0.779,0.562,0.466,0.387,0.267,0.38299999999999995,0.024,0.327
2016.08.05,1,16.146,0.6729999999999999,1.7380000000000002,0.0,1.7380000000000002,0.002,0.907,0.653,1.227,0.797,1.41,1.463,0.8420000000000001,0.7120000000000001,0.2,0.037000000000000005,1.122,1.101,1.14,1.7380000000000002,1.357,0.49200000000000005,0.002,0.136,0.433,0.413,0.071,0.46399999999999997,0.297,0.039
2016.08.06,1,6.915,0.28800000000000003,0.893,0.0,0.893,0.013999999999999999,0.0,0.053,0.013999999999999999,0.0,0.0,0.0,0.015,0.048,0.122,0.8740000000000001,0.893,0.848,0.672,0.6990000000000001,0.498,0.5870000000000001,0.6759999999999999,0.10400000000000001,0.531,0.267,0.013999999999999999,0.0,0.0,0.0
2016.08.07,1,6.16,0.257,1.034,0.0,1.034,0.017,0.0,0.0,1.006,0.28300000000000003,0.0,0.129,0.024,0.0,0.0,0.0,0.0,0.159,0.631,1.034,0.892,0.825,0.382,0.35100000000000003,0.42700000000000005,0.017,0.0,0.0,0.0,0.0
2016.08.08,1,6.119,0.255,1.625,0.0,1.625,0.052000000000000005,0.0,0.0,0.0,0.0,0.0,0.0,0.0,0.0,0.0,0.0,0.0,0.0,0.0,0.052000000000000005,0.091,0.10400000000000001,0.0,0.0,0.0,0.0,0.555,0.904,1.33,1.4580000000000002
2016.08.09,1,18.422,0.768,1.761,0.0,1.761,0.012,1.625,1.189,0.5770000000000001,0.363,0.637,0.5,0.139,0.0,0.012,0.015,0.159,1.761,1.453,1.63,1.042,1.5319999999999998,1.258,1.043,1.1320000000000001,1.181,0.29,0.49,0.94,0.6920000000000001
2016.08.10,1,7.412000000000001,0.309,1.182,0.0,1.182,0.084,0.387,0.46,0.425,0.34600000000000003,0.10300000000000001,0.087,0.225,0.28800000000000003,1.117,1.182,0.514,0.45299999999999996,0.682,0.6990000000000001,0.336,0.153,0.258,0.084,0.0,0.0,0.0,0.0,0.0,0.0
2016.08.11,1,3.19,0.133,1.726,0.0,1.726,0.001,0.0,0.0,0.0,0.0,0.0,0.0,0.0,0.0,0.172,0.0,0.021,0.01,0.039,0.0,0.129,0.191,0.001,0.013000000000000001,0.004,0.046,0.048,0.105,0.012,0.6729999999999999
2016.08.12,1,10.224,0.426,2.187,0.0,2.187,0.002,1.726,1.901,2.187,2.049,2.065,1.422,0.488,0.02,0.008,0.0,0.0,0.0,0.002,0.051,0.0,0.004,0.0,0.0,0.0,0.0,0.0,0.0,0.0,0.0
2016.08.13,1,9.613,0.401,1.876,0.0,1.876,0.003,0.027000000000000003,0.488,0.24,0.042,0.031,0.0,0.138,0.09,0.0,0.017,0.0,0.0,0.003,0.20199999999999999,0.138,0.017,0.0,0.059000000000000004,0.068,0.445,0.789,1.4769999999999999,1.65,1.8430000000000002
2016.08.14,1,52.687,2.195,4.598,0.87,4.598,0.87,1.876,1.7,1.18,0.87,1.639,1.895,3.123,2.977,2.137,1.6580000000000001,1.8780000000000001,2.259,1.595,1.7180000000000002,1.7830000000000001,1.3630000000000002,1.138,1.995,2.165,2.239,1.48,2.787,4.598,4.523
2016.08.15,1,46.873999999999995,1.953,3.548,0.721,3.548,0.721,3.987,3.548,2.906,2.645,1.421,1.003,1.5819999999999999,1.3940000000000001,1.081,2.081,2.8089999999999997,2.637,2.9010000000000002,2.427,2.0580000000000003,1.8840000000000001,2.023,1.964,1.8840000000000001,2.6830000000000003,0.856,1.075,0.721,1.63
2016.08.16,1,62.77,2.615,4.53,0.15,4.53,0.15,1.661,0.66,0.705,1.903,2.839,2.842,1.776,0.77,0.15,0.354,1.609,2.698,4.409,4.114,4.53,3.4589999999999996,3.2910000000000004,2.937,4.287,3.59,3.873,3.45,3.085,2.878
2016.08.17,1,16.412,0.684,1.8119999999999998,0.0,1.8119999999999998,0.022000000000000002,2.5610000000000004,1.8119999999999998,1.54,0.9570000000000001,1.097,1.255,1.4180000000000001,1.188,0.6659999999999999,0.257,0.22699999999999998,0.23800000000000002,0.826,0.987,1.171,0.991,0.8370000000000001,0.518,0.405,0.022000000000000002,0.0,0.0,0.0,0.0
2016.08.18,1,20.377,0.8490000000000001,1.695,0.023,1.695,0.023,0.0,0.023,0.153,0.488,0.659,0.961,0.649,0.373,0.163,0.794,1.03,1.4169999999999998,1.4980000000000002,1.022,1.0590000000000002,1.473,1.695,1.3980000000000001,0.9079999999999999,0.932,0.8109999999999999,0.7609999999999999,0.68,0.654
2016.08.19,1,7.436,0.31,1.128,0.0,1.128,0.032,0.7759999999999999,0.612,0.484,0.747,0.212,0.27699999999999997,0.445,0.08199999999999999,0.063,0.22399999999999998,0.267,0.11900000000000001,0.225,0.628,0.174,0.5,1.128,0.807,0.235,0.032,0.0,0.0,0.06,0.057
2016.08.20,1,5.084,0.212,1.069,0.0,1.069,0.006999999999999999,0.057999999999999996,0.11800000000000001,0.075,0.0,0.0,0.0,0.017,0.04,0.006999999999999999,0.0,0.20800000000000002,0.11699999999999999,0.028999999999999998,0.151,0.016,0.0,0.15,0.406,0.33299999999999996,0.33299999999999996,0.423,0.16899999999999998,0.426,1.069
2016.08.21,1,33.375,1.391,3.208,0.0,3.208,0.207,0.997,0.973,1.178,1.275,1.3519999999999999,1.6280000000000001,1.579,1.745,1.46,1.806,2.577,3.208,2.145,2.088,1.845,1.199,1.229,0.927,0.525,0.207,0.0,0.231,0.978,1.544
2016.08.22,1,15.505999999999998,0.6459999999999999,1.66,0.0,1.66,0.135,1.676,1.66,1.2919999999999998,1.163,1.046,0.7340000000000001,0.436,0.27,0.716,0.573,0.953,0.982,0.983,0.789,1.056,0.94,0.59,0.29,0.255,0.177,0.135,0.311,0.155,0.0
2016.08.23,1,16.225,0.6759999999999999,1.796,0.0,1.796,0.028999999999999998,0.0,0.0,0.028999999999999998,0.37,0.532,0.36200000000000004,0.13699999999999998,0.136,0.263,0.37799999999999995,0.731,0.888,0.889,1.325,1.5590000000000002,1.796,1.426,1.158,0.8540000000000001,0.47600000000000003,0.515,0.597,0.613,0.42100000000000004
2016.08.24,1,32.114000000000004,1.338,2.95,0.14,2.95,0.14,0.77,0.9259999999999999,0.925,1.127,0.8809999999999999,0.948,0.6679999999999999,0.982,1.3880000000000001,1.89,2.8360000000000003,2.95,2.58,2.9130000000000003,2.441,2.1319999999999997,1.864,1.268,1.344,0.7440000000000001,0.17,0.308,0.489,0.2
2016.08.25,1,13.835999999999999,0.5770000000000001,2.185,0.0,2.185,0.114,0.14,0.32,0.114,0.171,0.217,0.902,1.56,2.185,1.338,1.3,1.7209999999999999,1.021,0.664,0.647,0.5660000000000001,0.48700000000000004,0.485,0.138,0.0,0.0,0.0,0.0,0.0,0.0
2016.08.26,1,55.178999999999995,2.299,5.645,0.565,5.645,0.565,0.0,0.895,1.23,1.235,1.3969999999999998,2.412,1.569,1.46,2.228,1.671,1.382,1.013,1.439,0.945,0.565,1.598,1.574,2.707,3.3310000000000004,3.9730000000000003,3.44,4.658,4.184,4.628
2016.08.27,1,114.669,4.7780000000000005,6.226,2.498,6.226,2.498,5.645,5.235,4.9510000000000005,5.192,5.715,5.477,6.212999999999999,4.888,4.967,6.226,5.587000000000001,5.216,5.524,4.785,5.002,4.455,4.5680000000000005,4.308,4.227,4.159,4.189,4.263999999999999,4.169,2.8539999999999996
2016.08.28,1,124.022,5.167999999999999,7.678,2.349,7.678,2.349,2.498,3.4160000000000004,4.887,7.678,7.147,6.912999999999999,5.337999999999999,4.816,7.144,6.13,4.114,6.312,6.412999999999999,5.7410000000000005,6.45,5.803,3.963,5.229,3.952,2.349,2.82,4.242,4.12,4.789
2016.08.29,1,155.877,6.495,11.524000000000001,2.89,11.524000000000001,2.89,4.256,4.306,3.765,4.996,4.673,4.78,6.325,9.381,10.368,11.296,11.524000000000001,9.625,6.837000000000001,7.03,7.818,6.106,7.04,6.895,7.716,5.6770000000000005,2.89,3.194,5.234,5.006
2016.08.30,1,150.196,6.257999999999999,11.527000000000001,0.993,11.527000000000001,0.993,3.395,1.3869999999999998,2.5469999999999997,0.993,2.049,2.5269999999999997,3.7319999999999998,2.142,3.108,4.548,7.73,9.693999999999999,11.360999999999999,10.437999999999999,7.52,9.498,11.194,8.823,8.42,11.527000000000001,9.529,8.392999999999999,7.501,2.8810000000000002
2016.08.31,1,114.43799999999999,4.768,9.602,0.609,9.602,0.609,2.654,3.332,2.164,1.8869999999999998,0.609,0.968,1.242,2.498,2.978,3.4010000000000002,7.3,8.177,9.134,8.54,7.595,6.178999999999999,6.621,4.106,4.87,2.388,2.617,3.92,5.565,9.602
2016.09.01,1,100.406,4.184,8.927,0.45299999999999996,8.927,0.45299999999999996,8.745,8.927,4.666,4.646,5.091,4.09,1.7730000000000001,0.982,0.45299999999999996,1.983,1.969,1.885,2.88,4.739,6.402,7.479,4.543,2.5340000000000003,6.744,8.133,7.85,7.247999999999999,3.5260000000000002,0.757
2016.09.02,1,27.175,1.1320000000000001,6.494,0.0,6.494,0.005,1.1059999999999999,6.45,6.494,0.259,0.452,1.318,1.9340000000000002,2.441,2.2769999999999997,2.958,1.506,0.023,0.0,0.0,0.005,0.0,0.0,0.0,0.33299999999999996,0.0,0.303,0.153,0.0,0.0
2016.09.03,1,5.537999999999999,0.231,0.8290000000000001,0.0,0.8290000000000001,0.004,0.26899999999999996,0.307,0.135,0.24100000000000002,0.626,0.768,0.486,0.813,0.449,0.45799999999999996,0.8290000000000001,0.405,0.017,0.0,0.0,0.0,0.0,0.0,0.0,0.0,0.0,0.0,0.004,0.0
2016.09.04,1,24.755,1.031,2.28,0.0,2.28,0.23399999999999999,0.0,0.0,0.0,0.23399999999999999,0.672,0.5870000000000001,0.83,1.3030000000000002,1.794,1.411,1.208,1.435,1.3459999999999999,1.6159999999999999,2.28,1.952,1.236,0.995,0.8959999999999999,0.7170000000000001,0.762,0.616,1.17,1.034
2016.09.05,1,7.836,0.327,1.511,0.0,1.511,0.001,0.6609999999999999,0.97,1.511,0.302,0.423,0.182,0.001,0.0,0.0,0.0,0.0,0.0,0.011000000000000001,0.158,0.53,1.158,1.165,0.278,0.16699999999999998,0.0,0.0,0.0,0.1,0.385
2016.09.06,1,46.233000000000004,1.926,8.552,0.0,8.552,0.008,0.495,0.397,0.795,2.273,2.501,3.012,3.187,2.971,2.6,1.262,0.629,0.008,0.0,0.0,0.0,0.0,0.0,0.0,0.396,1.672,1.871,0.568,6.023,8.552
2016.09.07,1,72.24600000000001,3.01,7.034,0.7909999999999999,7.034,0.7909999999999999,7.516,7.034,3.804,2.438,1.6969999999999998,1.5619999999999998,1.486,2.092,2.048,1.692,3.687,2.318,0.7909999999999999,1.581,2.522,1.6680000000000001,4.574,4.641,3.7239999999999998,4.716,3.115,4.698,3.6289999999999996,2.866
2016.09.08,1,54.847,2.285,5.6739999999999995,0.281,5.6739999999999995,0.281,3.863,3.877,4.261,3.6319999999999997,4.989,5.6739999999999995,4.331,4.823,3.3280000000000003,2.38,2.42,1.227,0.665,1.185,1.837,1.469,1.158,0.539,0.281,0.898,0.415,0.531,1.037,1.6
2016.09.09,1,58.441,2.435,6.0329999999999995,0.5770000000000001,6.0329999999999995,0.5770000000000001,2.29,3.21,3.9160000000000004,2.5269999999999997,1.785,0.8370000000000001,0.946,2.582,1.564,1.8530000000000002,1.81,1.86,1.9780000000000002,1.858,1.368,1.558,1.399,0.5770000000000001,0.635,1.278,3.346,4.488,5.475,6.0329999999999995
2016.09.10,1,21.932,0.914,4.606,0.0,4.606,0.003,5.558,4.309,4.606,4.107,3.245,2.434,0.987,0.532,0.311,0.415,0.516,0.006999999999999999,0.0,0.0,0.003,0.359,0.086,0.015,0.0,0.0,0.0,0.0,0.0,0.0
2016.09.11,1,16.846,0.7020000000000001,1.69,0.0,1.69,0.196,0.0,0.0,0.196,0.385,0.474,0.273,0.305,0.511,0.337,0.491,0.45399999999999996,0.43,0.267,0.7959999999999999,1.112,1.345,1.58,1.251,1.0290000000000001,0.708,0.486,0.335,0.863,1.528
2016.09.12,1,39.071999999999996,1.6280000000000001,3.699,0.435,3.699,0.435,1.69,1.88,3.185,3.03,2.343,2.251,1.6159999999999999,1.021,0.867,2.109,1.1059999999999999,0.598,0.435,1.107,2.1069999999999998,3.699,2.656,2.005,1.5,0.9420000000000001,0.885,0.532,0.887,1.0759999999999998
2016.09.13,1,23.14,0.9640000000000001,2.231,0.134,2.231,0.134,1.235,1.589,2.231,2.231,1.256,1.745,1.295,0.75,0.546,0.33899999999999997,1.057,0.821,0.912,0.828,1.084,1.119,1.169,1.29,0.76,0.35600000000000004,0.318,0.134,0.304,0.47700000000000004
2016.09.14,1,16.753,0.698,1.551,0.0,1.551,0.016,0.529,0.6990000000000001,0.48200000000000004,0.531,1.391,1.551,1.389,1.032,0.9359999999999999,1.351,1.3730000000000002,1.5419999999999998,1.261,0.706,0.314,0.253,0.579,0.607,0.32799999999999996,0.053,0.138,0.016,0.0,0.0
2016.09.15,1,10.357999999999999,0.43200000000000005,0.987,0.0,0.987,0.16699999999999998,0.221,0.501,0.7170000000000001,0.987,0.826,0.568,0.836,0.978,0.674,0.17,0.221,0.5379999999999999,0.489,0.72,0.7170000000000001,0.6559999999999999,0.405,0.188,0.0,0.0,0.0,0.0,0.0,0.16699999999999998
2016.09.16,1,38.531,1.605,8.637,0.0,8.637,0.001,0.0,0.001,0.0,0.0,0.025,0.038,0.252,0.624,0.619,0.579,0.677,1.094,0.982,1.153,1.033,1.018,1.141,0.6779999999999999,0.665,0.7020000000000001,2.295,3.792,4.375,8.637
2016.09.17,1,106.05799999999999,4.419,9.505,0.122,9.505,0.122,8.151,9.505,7.7170000000000005,7.352,4.23,5.457999999999999,6.566,8.446,8.972999999999999,8.623,7.921,7.28,5.854,4.489,3.738,2.428,2.3,1.1179999999999999,0.122,0.174,0.6759999999999999,1.03,1.026,0.536
2016.09.18,1,61.511,2.563,7.531000000000001,0.0,7.531000000000001,0.016,0.496,0.35200000000000004,0.348,0.39,0.426,0.2,0.048,0.016,0.0,0.0,0.055999999999999994,0.483,0.706,1.49,2.678,3.072,4.535,5.443,6.931,5.0,4.916,7.531000000000001,5.271,4.573
2016.09.19,1,220.455,9.186,11.502,4.061,11.502,4.061,7.046,9.266,7.001,4.8260000000000005,4.061,5.15,7.649,8.012,8.238,10.158999999999999,10.779000000000002,9.99,11.109000000000002,11.372,10.591,11.129000000000001,11.502,10.620999999999999,11.414000000000001,11.189,9.654,10.554,9.405,8.398
2016.09.20,1,59.593,2.483,8.345,0.0,8.345,0.155,8.386000000000001,8.345,8.133,6.296,5.24,5.042,4.46,3.7880000000000003,3.431,2.86,2.385,1.921,1.473,1.34,1.305,1.202,1.013,0.382,0.0,0.0,0.0,0.0,0.0,0.155
2016.09.21,1,43.886,1.829,2.928,0.9329999999999999,2.928,0.9329999999999999,0.8220000000000001,1.055,1.425,1.466,1.71,1.46,0.96,0.9329999999999999,1.0190000000000001,1.413,2.31,2.928,2.8710000000000004,2.54,2.863,2.753,2.699,2.344,1.72,1.876,1.4580000000000002,1.314,1.278,2.002
2016.09.22,1,25.499000000000002,1.062,1.743,0.162,1.743,0.162,1.489,1.109,1.5219999999999998,1.367,1.2890000000000001,0.8059999999999999,1.202,1.743,1.683,1.278,1.139,1.1909999999999998,1.077,1.0290000000000001,1.2830000000000001,1.405,1.263,1.026,0.5920000000000001,0.711,0.983,0.728,0.594,0.317
2016.09.23,1,14.672,0.611,1.35,0.006,1.35,0.006,0.162,0.618,0.975,1.35,0.8590000000000001,0.763,0.675,0.677,0.602,0.48700000000000004,0.376,0.885,0.8909999999999999,0.85,0.9570000000000001,1.085,0.873,0.7509999999999999,0.254,0.171,0.01,0.107,0.032,0.006
2016.09.24,1,14.322000000000001,0.597,1.187,0.0,1.187,0.233,0.418,0.315,0.7240000000000001,0.795,0.878,0.91,0.736,0.5720000000000001,0.5820000000000001,1.187,1.126,0.889,0.685,0.764,0.875,0.512,0.556,0.807,0.638,0.5379999999999999,0.233,0.0,0.0,0.0
2016.09.25,1,10.13,0.42200000000000004,0.92,0.0,0.92,0.004,0.0,0.016,0.012,0.046,0.215,0.629,0.92,0.777,0.682,0.862,0.774,0.7440000000000001,0.755,0.721,0.737,0.5760000000000001,0.39899999999999997,0.376,0.376,0.076,0.012,0.40700000000000003,0.013999999999999999,0.0
2016.09.26,1,8.71,0.363,0.895,0.102,0.895,0.102,0.004,0.10400000000000001,0.35,0.317,0.156,0.39,0.488,0.518,0.42100000000000004,0.187,0.29600000000000004,0.474,0.895,0.326,0.18600000000000003,0.435,0.203,0.373,0.28,0.107,0.102,0.5720000000000001,0.561,0.405
2016.09.27,1,4.006,0.16699999999999998,0.929,0.0,0.929,0.023,0.564,0.929,0.877,0.307,0.113,0.062,0.0,0.155,0.271,0.527,0.196,0.138,0.07,0.10099999999999999,0.023,0.063,0.149,0.025,0.0,0.0,0.0,0.0,0.0,0.0
2016.09.28,1,25.305999999999997,1.054,3.3080000000000003,0.0,3.3080000000000003,0.005,0.0,0.0,0.0,0.005,0.161,0.045,0.063,0.239,0.9690000000000001,0.64,0.8490000000000001,0.419,0.428,0.618,2.676,1.324,2.185,3.12,3.3080000000000003,2.653,2.122,1.165,0.996,0.769
2016.09.29,1,79.95100000000001,3.3310000000000004,5.483,0.78,5.483,0.78,0.552,0.78,0.902,1.805,1.655,2.509,2.8,4.011,4.225,5.207999999999999,5.483,4.7780000000000005,5.011,4.341,2.864,2.787,3.653,4.064,4.578,4.908,3.9419999999999997,3.514,2.568,1.963
2016.09.30,1,47.815,1.992,3.338,0.599,3.338,0.599,1.6019999999999999,1.716,1.8119999999999998,1.4,1.4980000000000002,2.5780000000000003,2.8080000000000003,2.721,2.569,2.761,0.599,0.975,1.256,2.824,2.474,2.467,2.677,2.326,1.742,1.171,1.287,1.169,3.338,2.436
2016.10.01,1,8.036,0.335,0.8640000000000001,0.0,0.8640000000000001,0.062,1.2109999999999999,0.575,0.25,0.07400000000000001,0.106,0.19899999999999998,0.568,0.8640000000000001,0.7290000000000001,0.5479999999999999,0.5479999999999999,0.466,0.557,0.654,0.36700000000000005,0.369,0.147,0.107,0.11599999999999999,0.062,0.521,0.209,0.0,0.0
2016.10.02,1,36.42,1.518,4.3,0.0,4.3,0.008,0.0,0.0,0.0,0.008,0.0,0.0,0.54,0.9359999999999999,0.32899999999999996,0.8340000000000001,1.185,1.079,1.337,1.349,2.512,2.504,1.8559999999999999,1.45,1.531,1.449,2.0869999999999997,2.613,4.2589999999999995,4.3
2016.10.03,1,26.973000000000003,1.124,3.6289999999999996,0.042,3.6289999999999996,0.042,4.262,3.6289999999999996,1.932,1.135,1.137,1.15,1.079,0.764,0.993,1.15,1.7080000000000002,1.75,1.6740000000000002,0.042,0.11900000000000001,0.915,0.679,0.669,0.33799999999999997,0.149,0.604,1.291,1.011,1.7409999999999999
2016.10.04,1,97.603,4.067,9.918,0.052000000000000005,9.918,0.052000000000000005,1.314,0.21899999999999997,0.245,0.44799999999999995,0.15,0.568,0.6759999999999999,1.351,1.8119999999999998,2.235,2.119,2.406,2.002,3.717,6.167999999999999,5.678999999999999,6.71,7.648,9.689,9.752,9.918,9.555,8.82,5.664
2016.10.05,1,94.712,3.946,10.644,0.0,10.644,4.878,0.052000000000000005,0.0,0.0,0.0,0.0,0.0,0.0,0.0,0.0,0.0,0.0,0.0,0.0,0.0,8.844,9.265,8.377,6.218999999999999,4.878,8.33,9.676,10.630999999999998,10.644,8.741
2016.10.06,1,119.47399999999999,4.978,11.725999999999999,0.205,11.725999999999999,0.205,9.107000000000001,6.377000000000001,9.606,11.725999999999999,9.97,8.374,11.026,10.078,8.41,9.405,8.907,4.618,5.6,7.2170000000000005,2.741,0.929,0.7759999999999999,0.205,0.381,0.262,0.386,0.597,0.894,0.519
2016.10.07,1,42.28,1.7619999999999998,2.875,0.98,2.875,0.98,0.47,0.98,0.996,1.2890000000000001,1.315,1.443,1.946,1.4809999999999999,1.996,2.18,2.435,2.1590000000000003,1.785,1.618,1.709,1.882,1.7790000000000001,1.041,1.327,1.041,2.175,2.417,2.556,1.855
2016.10.08,1,172.97299999999998,7.207000000000001,11.806,0.0,11.806,0.436,2.875,5.4510000000000005,7.407,10.014,6.9879999999999995,5.997999999999999,6.305,4.218,1.344,0.436,0.0,1.111,5.478,6.8,6.756,8.817,11.003,11.718,10.133,10.651,9.459,8.761000000000001,11.145,11.174000000000001
2016.10.09,1,173.32299999999998,7.222,11.972000000000001,2.022,11.972000000000001,2.022,11.806,11.834000000000001,10.317,9.359,8.591000000000001,9.394,9.73,9.52,8.802,8.918,11.220999999999998,11.972000000000001,11.963,9.911,6.598,4.7,4.143,4.213,2.175,2.022,2.444,2.62,4.468,4.9510000000000005
2016.10.10,1,49.523,2.063,3.065,1.493,3.065,1.493,3.457,3.065,2.7089999999999996,2.349,2.195,1.923,2.231,1.735,1.849,2.298,2.2319999999999998,1.7380000000000002,1.828,1.9240000000000002,1.722,1.796,2.3080000000000003,2.86,1.5390000000000001,1.685,2.04,2.125,1.645,1.493
2016.10.11,1,41.88,1.745,3.028,0.899,3.028,0.899,2.234,2.249,1.7109999999999999,1.5519999999999998,1.685,1.5859999999999999,1.1840000000000002,1.36,2.141,1.52,1.62,1.851,1.8559999999999999,2.7710000000000004,2.8089999999999997,1.5390000000000001,1.5190000000000001,1.645,1.714,1.161,1.023,0.899,1.402,2.055
2016.10.12,1,51.28,2.137,4.418,0.07400000000000001,4.418,0.07400000000000001,3.028,3.02,3.373,4.111000000000001,3.765,3.3289999999999997,3.9589999999999996,4.418,4.114,2.931,2.872,2.775,3.154,2.926,2.021,1.308,0.6970000000000001,0.638,0.537,0.309,0.13,0.07400000000000001,0.11699999999999999,0.235
2016.10.13,1,20.475,0.853,1.446,0.175,1.446,0.175,0.467,0.9329999999999999,0.7559999999999999,0.731,0.7020000000000001,0.685,0.677,0.659,0.278,0.175,0.434,0.875,1.446,1.1179999999999999,1.1179999999999999,0.873,0.826,0.893,0.542,0.965,1.2670000000000001,1.075,0.828,1.194
2016.10.14,1,28.523000000000003,1.188,2.201,0.5379999999999999,2.201,0.5379999999999999,1.425,1.264,0.86,0.8220000000000001,0.6859999999999999,1.324,1.358,1.4980000000000002,1.148,1.261,1.515,2.201,2.053,1.7380000000000002,1.47,1.2830000000000001,1.05,0.8440000000000001,0.711,0.5379999999999999,0.784,1.122,1.107,0.748
2016.10.15,1,58.461999999999996,2.436,4.291,0.898,4.291,0.898,1.138,1.5590000000000002,1.443,1.693,1.473,2.8569999999999998,2.261,2.5810000000000004,2.727,3.248,3.424,4.291,3.9389999999999996,4.099,3.907,3.418,2.9339999999999997,2.318,1.545,1.7409999999999999,2.092,1.651,1.298,1.065
2016.10.16,1,19.62,0.818,2.8680000000000003,0.0,2.8680000000000003,0.022000000000000002,0.898,0.273,0.0,0.146,0.35,0.494,0.261,0.20199999999999999,0.187,0.857,0.602,0.84,0.708,0.48,1.7409999999999999,2.371,1.9809999999999999,2.8680000000000003,1.7080000000000002,0.863,0.927,0.0,0.0,0.022000000000000002
2016.10.17,1,52.728,2.197,5.167999999999999,0.266,5.167999999999999,0.266,1.739,3.66,2.602,2.36,1.089,5.044,5.167999999999999,5.107,4.976,1.3130000000000002,1.126,1.2329999999999999,0.503,0.266,0.853,1.587,1.115,1.324,0.968,1.3119999999999998,1.929,2.026,2.41,2.0140000000000002
2016.10.18,1,19.855,0.8270000000000001,3.056,0.0,3.056,0.006999999999999999,2.7430000000000003,2.847,3.028,3.056,2.661,1.864,1.229,1.015,0.8009999999999999,0.602,0.98,0.34299999999999997,0.203,0.133,0.055,0.125,0.272,0.233,0.076,0.0,0.006999999999999999,0.126,0.055999999999999994,0.066
2016.10.19,1,2.73,0.114,0.344,0.0,0.344,0.054000000000000006,0.077,0.0,0.0,0.15,0.263,0.212,0.27699999999999997,0.313,0.344,0.078,0.054000000000000006,0.10099999999999999,0.078,0.183,0.114,0.0,0.0,0.0,0.0,0.0,0.0,0.0,0.0,0.282
2016.10.20,1,16.45,0.685,2.096,0.0,2.096,0.015,0.281,0.82,1.247,1.075,1.226,1.8940000000000001,0.728,0.953,0.8079999999999999,0.40299999999999997,0.37,0.371,0.335,0.0,0.0,0.0,0.0,0.015,0.132,0.287,0.35700000000000004,0.799,0.7090000000000001,1.825
2016.10.21,1,66.039,2.752,5.992000000000001,1.183,5.992000000000001,1.183,2.096,1.861,1.993,1.673,2.388,2.719,3.588,4.852,4.923,5.992000000000001,4.6,3.873,3.4019999999999997,1.183,1.3159999999999998,2.39,2.138,2.252,2.6630000000000003,2.5069999999999997,2.6039999999999996,1.865,1.5630000000000002,2.504
2016.10.22,1,41.97,1.749,3.87,0.657,3.87,0.657,1.19,1.104,1.838,2.362,2.61,2.189,2.227,2.287,2.146,3.87,2.456,2.463,1.963,1.5819999999999999,1.479,1.55,1.395,1.228,1.0859999999999999,1.2229999999999999,0.6809999999999999,0.657,1.287,1.083
2016.10.23,1,123.631,5.151,7.188,1.99,7.188,1.99,1.204,1.99,2.379,2.8819999999999997,2.537,3.177,3.263,4.284,4.511,5.206,6.553,6.287000000000001,6.622000000000001,7.188,7.127000000000001,6.946000000000001,6.827999999999999,6.74,6.778,6.605,6.501,5.312,4.685,5.035
2016.10.24,1,35.858000000000004,1.494,3.569,0.294,3.569,0.294,4.195,3.569,2.657,2.6060000000000003,1.945,2.252,1.93,1.771,1.7180000000000002,1.952,1.4669999999999999,1.641,1.5230000000000001,1.203,1.321,1.3230000000000002,1.077,0.682,0.639,1.0390000000000001,1.162,1.062,0.6759999999999999,0.349
2016.10.25,1,83.44,3.477,8.12,0.428,8.12,0.428,0.294,0.705,0.562,0.428,0.499,1.036,2.049,4.584,3.34,5.8420000000000005,3.512,5.551,5.494,3.5469999999999997,2.244,1.5130000000000001,2.9619999999999997,8.12,7.334,4.802,4.0969999999999995,4.598,3.241,4.022
2016.10.26,1,50.04600000000001,2.085,5.837999999999999,0.0,5.837999999999999,0.018000000000000002,3.358,4.122,3.2230000000000003,4.565,3.2230000000000003,3.065,3.02,3.0469999999999997,2.656,1.764,0.853,0.152,0.0,0.127,0.221,2.698,2.401,4.13,5.837999999999999,3.98,0.47700000000000004,0.040999999999999995,0.0,0.018000000000000002
2016.10.27,1,67.959,2.832,4.332,1.194,4.332,1.194,0.425,1.194,2.128,2.95,1.805,2.444,2.307,1.869,2.452,1.901,2.432,4.332,3.182,3.923,3.8160000000000003,3.641,3.7769999999999997,3.0460000000000003,4.25,3.363,3.315,2.596,3.576,2.407
2016.10.28,1,97.516,4.063,9.896,0.0,9.896,0.369,1.253,0.9059999999999999,0.369,0.0,1.915,1.615,0.0,0.0,0.0,0.513,1.196,0.53,1.609,2.415,4.53,6.162999999999999,5.861000000000001,9.693999999999999,9.668,9.896,9.785,9.744,7.141,7.01
2016.10.29,1,182.74200000000002,7.614,9.985,3.7939999999999996,9.985,3.7939999999999996,6.956,8.775,9.014,7.035,6.6579999999999995,4.103,3.7939999999999996,4.327,4.06,4.9239999999999995,6.337000000000001,7.124,9.235,9.468,8.661,8.508,9.617,9.971,9.968,9.985,7.6610000000000005,8.954,8.573,7.693
2016.10.30,1,95.616,3.984,10.0,0.012,10.0,0.012,8.297,9.318999999999999,9.807,9.992,9.992,10.0,9.99,9.841000000000001,5.207999999999999,4.192,3.946,3.247,2.08,1.439,1.262,1.3230000000000002,0.991,0.715,0.506,0.502,0.315,0.25,0.434,0.253
2016.10.31,1,62.64,2.61,6.781000000000001,0.0,6.781000000000001,0.013000000000000001,0.012,0.122,0.013000000000000001,0.0,0.203,0.738,1.1440000000000001,2.287,0.318,0.6609999999999999,1.073,1.92,2.494,5.404,6.377999999999999,5.212999999999999,3.534,1.022,1.754,2.9539999999999997,2.603,4.534,5.065,6.425
2016.11.01,1,169.313,7.055,10.213,1.76,10.213,1.76,6.781000000000001,6.747999999999999,8.261000000000001,2.141,1.76,3.052,4.05,8.823,7.939,7.462000000000001,8.523,7.728,7.364,8.165,8.811,10.213,9.764,9.781,9.113999999999999,7.68,6.294,7.229,6.644,6.3870000000000005
2016.11.02,1,171.438,7.143,10.56,1.517,10.56,1.517,5.38,7.093,9.447000000000001,10.029,10.56,8.855,9.112,10.462,10.193,9.027999999999999,10.179,8.587,7.162999999999999,8.825,9.056000000000001,9.465,9.526,6.087000000000001,3.542,2.099,2.892,2.7510000000000003,3.036,1.9340000000000002
2016.11.03,1,42.333,1.764,5.728,0.078,5.728,0.078,1.517,1.112,0.529,0.878,0.414,0.312,0.348,0.672,0.33299999999999996,0.078,0.47600000000000003,1.755,1.743,2.67,4.176,5.218999999999999,5.728,3.6210000000000004,1.314,1.611,2.154,2.303,1.4569999999999999,1.5230000000000001
2016.11.04,1,20.459,0.852,3.838,0.0,3.838,0.004,1.9069999999999998,1.227,0.775,0.564,0.565,0.524,0.521,0.49700000000000005,0.20800000000000002,0.08900000000000001,0.0,0.004,0.282,0.391,0.452,0.006,0.0,0.052000000000000005,0.49700000000000005,0.73,1.8219999999999998,2.237,3.838,2.8169999999999997
2016.11.05,1,21.704,0.904,3.392,0.0,3.392,0.043,2.3609999999999998,2.6489999999999996,2.2030000000000003,2.222,1.348,2.9960000000000004,3.392,0.8390000000000001,0.158,0.805,0.154,0.043,0.556,0.47700000000000004,0.243,0.09699999999999999,0.06,0.183,0.154,0.0,0.23,1.177,0.41100000000000003,0.612
2016.11.06,1,69.71300000000001,2.905,7.312,0.0,7.312,0.02,0.695,0.852,0.515,0.369,0.825,0.5379999999999999,0.747,0.618,0.606,0.467,0.11800000000000001,0.02,0.0,0.609,3.842,5.324,5.861000000000001,6.29,7.312,7.098,6.284,5.247000000000001,5.782,5.272
2016.11.07,1,42.972,1.791,4.627,0.0,4.627,0.006,5.117,4.263,4.627,4.4239999999999995,3.5989999999999998,3.435,2.8169999999999997,2.2640000000000002,2.875,4.39,2.885,1.371,1.063,1.09,1.521,0.902,0.7140000000000001,0.41100000000000003,0.0,0.302,0.006,0.013000000000000001,0.0,0.0
2016.11.08,1,209.61,8.734,11.956,0.0,11.956,3.445,0.0,0.0,0.0,0.0,3.445,7.364,7.922000000000001,9.748,10.520999999999999,11.617,11.956,11.876,11.169,10.437000000000001,11.085999999999999,11.757,10.669,11.485,11.679,11.84,11.078,9.999,7.1979999999999995,8.308
2016.11.09,1,129.543,5.398,11.932,0.429,11.932,0.429,8.456,7.403,10.22,11.547,11.932,10.886,11.615,11.472999999999999,9.226,5.667999999999999,6.295,7.357,4.8839999999999995,4.843,4.09,3.6069999999999998,2.161,0.843,0.473,0.429,0.441,0.575,1.032,1.202
2016.11.10,1,73.288,3.054,10.34,0.0,10.34,0.09,1.341,1.795,3.588,3.266,2.742,3.6010000000000004,0.29,0.445,0.09,3.0260000000000002,1.263,0.128,0.0,0.0,0.12300000000000001,0.0,0.0,7.393,9.388,8.586,10.34,8.302,5.22,2.513
2016.11.11,1,40.455,1.686,3.717,0.02,3.717,0.02,1.189,1.9909999999999999,1.784,1.8330000000000002,0.486,0.883,1.1340000000000001,1.626,1.4909999999999999,1.074,1.992,2.694,2.7460000000000004,2.785,2.9730000000000003,3.717,3.1630000000000003,2.256,0.9359999999999999,1.176,1.411,1.2830000000000001,0.65,0.35100000000000003
2016.11.12,1,31.151999999999997,1.298,5.175,0.0,5.175,0.061,0.02,0.0,0.0,0.0,0.0,0.0,0.0,0.0,0.556,0.767,0.797,1.921,2.371,3.594,2.488,2.795,2.0909999999999997,0.23199999999999998,0.061,0.451,1.205,1.578,3.821,5.175
2016.11.13,1,8.47,0.353,1.153,0.0,1.153,0.001,1.249,0.536,1.153,0.9790000000000001,0.3,0.136,0.08900000000000001,0.0,0.0,0.0,0.0,0.026000000000000002,0.33299999999999996,0.392,0.655,0.584,0.609,0.016,0.001,0.026000000000000002,0.746,0.595,0.18100000000000002,0.439
2016.11.14,1,35.777,1.4909999999999999,5.398,0.0,5.398,0.09300000000000001,0.674,0.47,0.231,0.09300000000000001,0.49,0.657,0.41600000000000004,2.353,3.8,5.398,2.642,2.263,0.462,0.102,0.0,0.161,0.8740000000000001,1.304,0.542,0.33399999999999996,0.586,1.173,2.58,4.477
2016.11.15,1,213.688,8.904,11.699000000000002,1.218,11.699000000000002,1.218,4.369,5.12,3.069,4.882,1.218,7.534,8.822000000000001,9.435,9.337,10.238,11.215,8.635,11.645,11.655,11.699000000000002,10.323,10.667,11.693,11.552999999999999,11.308,10.115,9.132,8.971,8.869
2016.11.16,1,35.938,1.4969999999999999,6.268,0.0,6.268,0.002,6.553,4.895,6.268,5.422999999999999,5.0889999999999995,4.008,3.653,1.44,1.202,1.12,0.35600000000000004,0.628,0.452,0.375,0.128,0.03,0.0,0.0,0.002,0.0,0.0,0.32799999999999996,0.365,0.17600000000000002
2016.11.17,1,20.909000000000002,0.871,1.7919999999999998,0.0,1.7919999999999998,0.285,0.0,0.0,1.7919999999999998,1.3459999999999999,1.45,1.597,0.598,0.514,0.8859999999999999,1.671,0.423,1.256,1.288,0.8759999999999999,0.429,0.455,1.196,0.865,1.025,0.795,0.33,0.79,0.561,0.285
2016.11.18,1,48.373999999999995,2.016,9.529,0.381,9.529,0.381,0.48100000000000004,0.79,0.662,0.5589999999999999,0.778,1.03,0.9259999999999999,0.958,2.056,1.528,1.226,1.247,0.9740000000000001,0.8640000000000001,0.541,0.956,1.3259999999999998,2.167,2.556,4.538,1.921,3.653,9.529,7.207999999999999
2016.11.19,1,51.492,2.146,7.279,0.0,7.279,0.429,0.381,0.792,0.429,0.0,0.0,1.151,3.1069999999999998,1.584,1.6019999999999999,0.98,1.828,4.675,7.279,3.824,1.815,2.755,3.517,3.0239999999999996,1.466,3.062,2.806,1.959,1.409,1.515
2016.11.20,1,41.683,1.7369999999999999,4.729,0.011000000000000001,4.729,0.011000000000000001,0.9129999999999999,1.385,1.3940000000000001,2.273,2.7510000000000003,4.729,3.847,2.4859999999999998,4.471,3.572,0.941,1.272,1.089,1.565,3.085,2.295,1.21,0.77,1.036,0.38,0.015,0.267,0.011000000000000001,0.579
2016.11.21,1,34.617,1.442,4.321000000000001,0.153,4.321000000000001,0.153,0.26,0.8909999999999999,0.39299999999999996,0.153,0.434,0.486,0.915,1.949,0.9229999999999999,1.205,1.088,0.81,1.11,3.8280000000000003,1.58,1.5030000000000001,1.13,0.45899999999999996,1.034,4.321000000000001,3.5610000000000004,1.712,1.043,1.656
2016.11.22,1,213.68099999999998,8.902999999999999,11.87,1.252,11.87,1.252,2.4330000000000003,1.527,1.252,2.8480000000000003,2.3280000000000003,3.112,7.07,8.373,9.636000000000001,11.504000000000001,11.466,11.652000000000001,11.755,11.798,10.444,11.589,10.905999999999999,11.87,11.334000000000001,11.539000000000001,11.59,9.836,11.267000000000001,10.13
2016.11.23,1,260.473,10.853,11.975,6.704,11.975,6.704,8.855,6.704,8.807,9.902999999999999,10.64,11.318,10.27,10.850999999999999,11.02,10.5,10.356,10.485,11.634,11.435,11.857999999999999,10.222999999999999,11.877,11.918,11.674000000000001,11.949000000000002,11.296,10.077,11.792,11.911
2016.11.24,1,219.858,9.161,11.999,4.998,11.999,4.998,11.975,11.498,11.222999999999999,11.999,11.134,11.454,11.457,10.979000000000001,10.811,9.526,9.071,7.7589999999999995,6.207000000000001,7.646,9.579,9.895,9.047,9.769,10.907,9.606,8.663,5.825,4.998,5.654
2016.11.25,1,113.23299999999999,4.718,9.482999999999999,0.653,9.482999999999999,0.653,5.151,4.46,5.112,8.129,8.45,9.482999999999999,8.868,8.422,6.231,6.747000000000001,6.197,4.207,3.1460000000000004,3.872,4.405,3.9589999999999996,4.06,3.635,3.18,2.708,2.625,1.75,1.676,1.258
2016.11.26,1,26.502,1.104,4.912,0.0,4.912,0.022000000000000002,0.653,0.551,0.11800000000000001,0.23,0.022000000000000002,0.0,0.0,0.0,0.0,0.0,0.0,0.191,0.271,0.05,0.022000000000000002,0.0,0.0,0.0,0.077,3.4219999999999997,4.912,4.345,4.165,3.918
2016.11.27,1,148.284,6.178999999999999,9.024,3.603,9.024,3.603,4.208,3.7680000000000002,3.872,3.603,4.603,4.734,5.617999999999999,6.5729999999999995,5.955,6.193,9.024,8.79,8.743,7.686,7.511,6.622000000000001,6.132999999999999,6.03,5.9510000000000005,5.38,5.986000000000001,7.894,6.885,4.814
2016.11.28,1,178.622,7.443,11.472000000000001,2.3409999999999997,11.472000000000001,2.3409999999999997,5.916,6.159,7.611000000000001,4.062,2.3409999999999997,6.2,5.82,5.172999999999999,3.3339999999999996,3.799,4.84,7.4639999999999995,9.538,9.918,11.457,11.377,11.472000000000001,10.687999999999999,7.124,7.657,8.195,11.087,8.799,8.558
2016.11.29,1,89.23,3.718,9.071,0.316,9.071,0.316,5.949,7.124,7.247000000000001,9.071,5.619,6.699,7.401,6.546,5.792000000000001,4.371,6.185,4.52,2.25,2.3040000000000003,1.8130000000000002,1.913,1.97,2.27,1.409,1.3130000000000002,0.932,0.316,0.797,0.867
2016.11.30,1,41.335,1.722,5.757000000000001,0.0,5.757000000000001,0.152,0.501,0.335,0.0,0.0,0.0,0.152,0.862,0.941,0.998,0.235,0.6920000000000001,0.293,2.044,2.309,2.32,2.456,0.28,2.648,5.757000000000001,4.7989999999999995,3.51,5.297000000000001,3.202,0.875
2016.12.01,1,145.078,6.045,11.232000000000001,0.147,11.232000000000001,0.147,1.33,2.642,1.607,1.031,0.218,0.147,1.117,4.931,5.377999999999999,2.761,2.7460000000000004,1.9409999999999998,3.5410000000000004,5.428999999999999,8.408999999999999,10.722000000000001,11.024000000000001,9.527999999999999,10.708,11.214,11.232000000000001,9.772,10.065,10.668
2016.12.02,1,192.453,8.019,11.735999999999999,3.733,11.735999999999999,3.733,8.247,8.797,8.173,7.584,8.337,10.530999999999999,10.765,10.589,10.706,7.888999999999999,5.642,5.9670000000000005,4.748,7.98,9.425,9.066,6.678999999999999,6.625,3.733,8.701,11.727,11.735999999999999,6.79,4.282
2016.12.03,1,50.972,2.124,7.966,0.0,7.966,0.004,5.981,6.638,7.966,7.192,4.461,6.707000000000001,6.794,3.659,2.299,2.247,1.341,0.10300000000000001,0.316,0.004,0.0,0.0,0.0,0.0,0.0,0.032,0.203,0.105,0.599,0.17600000000000002
2016.12.04,1,30.881999999999998,1.287,3.1489999999999996,0.125,3.1489999999999996,0.125,0.13,0.765,0.667,1.058,0.406,0.71,1.0190000000000001,0.742,1.473,1.2690000000000001,2.535,3.1489999999999996,2.363,1.3659999999999999,1.954,1.9680000000000002,2.227,0.7609999999999999,0.125,0.455,1.214,1.29,1.121,0.902
2016.12.05,1,64.437,2.685,8.065,0.47200000000000003,8.065,0.47200000000000003,1.3430000000000002,1.055,1.074,0.47200000000000003,2.5380000000000003,0.9940000000000001,1.8030000000000002,1.849,4.7139999999999995,1.584,0.588,2.319,2.0340000000000003,0.9159999999999999,0.672,2.571,2.548,2.23,6.492000000000001,4.888999999999999,1.79,4.249,5.322,3.6689999999999996
2016.12.06,1,188.77,7.865,11.717,4.428,11.717,4.428,8.065,9.43,9.738999999999999,11.495999999999999,11.717,10.509,8.294,9.846,9.929,7.526,8.753,8.783,9.397,9.811,7.212000000000001,5.841,7.475,4.853,4.428,4.949,7.126,4.931,4.541,6.059
2016.12.07,1,66.22,2.759,8.177,0.006,8.177,0.006,6.125,8.064,8.177,7.249,7.0089999999999995,6.449,5.261,1.639,2.766,2.74,0.925,0.175,0.12,0.006,1.109,1.87,2.497,1.48,1.3130000000000002,1.7630000000000001,1.8119999999999998,1.44,1.516,0.5589999999999999
2016.12.08,1,15.344000000000001,0.639,2.377,0.0,2.377,0.002,0.281,0.358,0.295,0.433,1.732,1.382,0.95,0.302,0.0,0.0,0.0,0.0,0.002,1.276,2.064,2.377,0.9059999999999999,0.03,0.013000000000000001,0.027999999999999997,0.09,0.053,1.392,1.255
2016.12.09,1,144.579,6.024,11.574000000000002,0.9259999999999999,11.574000000000002,0.9259999999999999,0.406,0.9259999999999999,1.4580000000000002,3.7960000000000003,1.9340000000000002,1.022,1.153,2.112,1.618,2.496,6.153,9.185,11.124,11.571,11.444,11.574000000000002,10.006,7.19,4.305,5.43,7.6370000000000005,8.775,6.13,7.1579999999999995
2016.12.10,1,155.525,6.48,11.915,2.968,11.915,2.968,10.382,11.915,10.932,10.376,11.208,11.675999999999998,10.502,6.545,5.584,3.918,2.968,3.1239999999999997,3.3789999999999996,5.312,4.78,5.9479999999999995,6.694,6.178,4.868,6.441,6.295,4.641,3.623,4.103
2016.12.11,1,41.95399999999999,1.7480000000000002,4.8580000000000005,0.0,4.8580000000000005,0.027000000000000003,4.515,4.8580000000000005,4.123,2.739,2.681,2.309,3.8169999999999997,4.539,4.422,1.882,0.368,0.419,0.165,0.027000000000000003,0.0,0.287,0.637,0.6559999999999999,0.831,0.6829999999999999,0.6679999999999999,1.765,1.807,1.604
2016.12.12,1,4.212,0.17600000000000002,1.111,0.0,1.111,0.004,0.667,0.004,0.0,0.0,0.0,0.0,0.449,1.111,0.12300000000000001,0.0,0.0,0.0,0.0,0.1,0.008,0.0,0.0,0.0,0.0,0.0,0.0,0.033,0.557,0.893
2016.12.13,1,99.462,4.144,11.538,0.986,11.538,0.986,0.934,1.092,0.986,1.053,1.034,1.89,2.363,2.0780000000000003,2.641,2.0669999999999997,2.185,1.939,1.297,2.211,2.867,2.778,3.937,5.121,5.301,6.9,11.198,11.538,9.877,9.326
2016.12.14,1,243.863,10.161,11.974,1.485,11.974,1.485,7.7829999999999995,6.327999999999999,5.994,9.061,5.362,1.485,10.364,11.427999999999999,10.187999999999999,10.328,11.745999999999999,11.915999999999999,11.934000000000001,11.974,11.967,11.04,11.575999999999999,11.967,11.949000000000002,11.960999999999999,11.552999999999999,11.025,10.940999999999999,10.963
2016.12.15,1,262.543,10.939,11.811,6.862,11.811,6.862,10.812999999999999,11.603,10.578,10.360999999999999,10.469000000000001,11.703,11.802,11.692,11.658,11.648,11.811,9.697000000000001,6.862,10.35,10.258,10.972000000000001,11.272,11.48,11.135,10.597000000000001,10.902000000000001,10.895999999999999,11.325,11.732000000000001
2016.12.16,1,229.102,9.546,11.895999999999999,2.414,11.895999999999999,2.414,11.74,11.782,11.811,11.895999999999999,11.737,11.690999999999999,11.565999999999999,10.812000000000001,10.661,10.843,10.78,11.427,11.475,11.589,11.177999999999999,10.401,10.133,9.494,9.777000000000001,9.04,9.338,2.556,2.414,3.272
2016.12.17,1,27.459,1.1440000000000001,5.763999999999999,0.0,5.763999999999999,0.008,3.429,5.763999999999999,1.044,2.807,3.4619999999999997,1.639,1.297,1.7719999999999998,1.965,1.095,1.5719999999999998,1.038,0.34600000000000003,0.008,0.105,0.017,0.0,0.0,0.56,0.951,1.138,0.59,0.22899999999999998,0.036000000000000004
2016.12.18,1,17.921,0.747,2.117,0.0,2.117,0.008,0.024,0.946,0.983,0.992,0.596,0.484,0.682,0.252,0.0,0.008,0.0,0.0,0.086,0.665,0.38,1.0290000000000001,1.1740000000000002,0.45299999999999996,0.49200000000000005,0.768,1.334,1.391,1.294,1.795
2016.12.19,1,24.299,1.012,3.198,0.0,3.198,0.002,2.117,1.3219999999999998,1.858,1.2819999999999998,1.206,1.188,1.188,0.904,0.23399999999999999,0.11800000000000001,0.0,0.039,0.0,0.0,0.0,0.41700000000000004,2.083,1.705,1.825,1.882,2.548,3.198,1.3,0.002
2016.12.20,1,28.151999999999997,1.173,3.43,0.046,3.43,0.046,0.0,0.5660000000000001,0.982,0.846,1.4680000000000002,2.359,1.706,1.7469999999999999,3.1719999999999997,3.43,1.723,1.5759999999999998,0.9390000000000001,1.038,0.648,0.278,0.046,0.9420000000000001,0.838,0.5720000000000001,0.9440000000000001,0.6809999999999999,0.575,0.192
2016.12.21,1,136.321,5.68,11.841,1.5119999999999998,11.841,1.5119999999999998,0.884,1.5119999999999998,1.744,2.333,1.7930000000000001,1.625,1.556,2.431,2.875,3.62,4.399,3.741,3.9019999999999997,3.87,4.185,4.98,6.707000000000001,9.579,11.315,10.866,11.780999999999999,11.841,11.780999999999999,9.66
2016.12.22,1,241.313,10.055,11.921,4.303,11.921,4.303,8.225,11.577,11.812000000000001,10.929,4.303,9.802,11.25,11.720999999999998,11.661,10.589,10.776,8.798,9.061,9.522,7.2829999999999995,11.265999999999998,9.676,9.505,9.969,11.369000000000002,11.105,11.921,10.18,8.508
2016.12.23,1,197.447,8.227,11.759,3.181,11.759,3.181,8.73,8.126,8.246,6.693,7.102,4.813,3.293,3.5180000000000002,3.181,8.224,8.952,6.432,9.033,10.445,8.176,9.548,9.674,9.443999999999999,10.694,11.33,11.485,11.759,10.822000000000001,8.856
2016.12.24,1,79.874,3.3280000000000003,7.162999999999999,0.11800000000000001,7.162999999999999,0.11800000000000001,7.601,6.185,6.3389999999999995,7.162999999999999,3.68,2.8489999999999998,3.2110000000000003,4.109,4.446000000000001,2.968,2.396,2.175,2.069,3.8369999999999997,5.244,5.417999999999999,4.39,3.387,2.35,2.678,2.575,1.206,0.6629999999999999,0.418
2016.12.25,1,5.082,0.212,1.082,0.0,1.082,0.006999999999999999,0.11800000000000001,0.114,0.024,0.01,0.0,0.0,0.0,0.006999999999999999,0.08199999999999999,0.215,0.14,0.156,0.095,0.245,0.205,0.15,0.38299999999999995,0.532,0.735,1.082,0.907,0.0,0.0,0.0
2016.12.26,1,73.837,3.077,10.092,0.0,10.092,0.001,0.0,0.0,0.0,0.0,0.128,0.0,0.0,0.001,0.016,0.163,0.076,0.171,0.18899999999999997,0.875,6.381,5.607,6.315,2.318,2.444,2.991,7.807,8.645,9.868,9.75
2016.12.27,1,255.078,10.628,11.898,8.417,11.898,8.417,10.092,11.556,10.495999999999999,8.998,8.417,10.939,11.03,10.425,10.482999999999999,11.898,10.058,9.963,9.821,9.845,9.779,11.359000000000002,11.829,11.841,11.673,11.669,11.252,11.128,10.571,10.037
2016.12.28,1,120.48,5.02,10.995,0.721,10.995,0.721,10.011000000000001,10.074,10.357000000000001,10.395,10.995,9.92,6.968,5.638,4.668,3.8280000000000003,3.216,2.865,1.09,1.265,0.856,0.92,0.721,0.852,1.639,3.971,4.3469999999999995,3.904,5.202000000000001,7.63
2016.12.29,1,209.071,8.711,11.546,3.95,11.546,3.95,9.158999999999999,9.238999999999999,10.387,11.546,9.539,6.354,3.95,5.827999999999999,4.194,6.093,7.667999999999999,9.542,9.176,6.992000000000001,8.287,9.152999999999999,11.074000000000002,11.427,11.415999999999999,11.222999999999999,11.345999999999998,10.565999999999999,9.721,7.468999999999999
2016.12.30,1,105.95,4.415,9.142999999999999,2.255,9.142999999999999,2.255,6.881,5.182,8.062000000000001,9.142999999999999,8.828,6.7170000000000005,4.748,3.984,6.314,3.864,2.536,2.49,2.255,2.9589999999999996,3.0389999999999997,3.1460000000000004,2.495,5.209,4.579,4.303,2.964,3.09,2.9530000000000003,3.253
2016.12.31,1,56.67,2.3609999999999998,6.499,0.13,6.499,0.13,3.8369999999999997,4.265,5.212000000000001,5.681,6.499,6.136,4.686,4.025,2.416,2.633,3.3819999999999997,1.396,0.8490000000000001,1.062,1.162,0.992,1.426,1.7819999999999998,0.7709999999999999,0.33,0.49200000000000005,0.669,0.424,0.13
